Elapsed Seconds,CPU Usage (%),Memory Usage (%),Disk Usage (%)
0.0,0.0,2.6,44.9
1.0,72.4,2.8,44.9
2.0,75.3,2.8,44.9
3.0,75.2,2.8,44.9
4.0,75.0,2.8,44.9
5.0,75.4,2.8,44.9
6.0,75.1,2.8,44.9
7.0,75.2,2.8,44.9
8.0,74.7,2.8,44.9
9.0,75.3,2.8,44.9
10.0,75.1,2.8,44.9
11.0,74.6,2.8,44.9
12.0,75.2,2.8,44.9
13.0,75.0,2.8,44.9
14.0,75.1,2.8,44.9
15.0,74.8,2.8,44.9
16.0,75.0,2.8,44.9
17.0,75.2,2.8,44.9
18.0,74.7,2.8,44.9
19.0,75.1,2.8,44.9
20.0,75.3,2.8,44.9
21.0,74.2,2.8,44.9
22.0,75.2,2.8,44.9
23.0,74.4,2.8,44.9
24.0,75.2,2.8,44.9
25.0,74.9,2.8,44.9
26.0,75.2,2.8,44.9
27.0,75.1,2.8,44.9
28.0,75.1,2.8,44.9
29.0,75.2,2.8,44.9
30.0,75.1,2.8,44.9
31.0,75.3,2.8,44.9
32.0,74.7,2.8,44.9
33.0,74.9,2.8,44.9
34.0,75.3,2.8,44.9
35.0,75.1,2.8,44.9
36.0,74.9,2.8,44.9
37.0,75.2,2.8,44.9
38.0,75.1,2.8,44.9
39.0,75.3,2.8,44.9
40.0,75.3,2.8,44.9
41.0,75.0,2.8,44.9
42.0,74.9,2.8,44.9
43.0,75.1,2.8,44.9
44.0,75.1,2.8,44.9
45.0,75.2,2.8,44.9
46.0,75.3,2.8,44.9
47.0,74.7,2.8,44.9
48.0,74.6,2.8,44.9
49.0,75.2,2.8,44.9
50.0,75.3,2.8,44.9
51.0,74.8,2.8,44.9
52.0,74.5,2.8,44.9
53.0,75.1,2.8,44.9
54.0,74.7,2.8,44.9
55.0,75.3,2.8,44.9
56.0,75.1,2.8,44.9
57.01,75.2,2.8,44.9
58.01,75.2,2.8,44.9
59.01,75.1,2.8,44.9
60.01,75.1,2.8,44.9
61.01,75.4,2.8,44.9
62.01,75.2,2.8,44.9
63.01,74.6,2.8,44.9
64.01,75.1,2.8,44.9
65.01,75.2,2.8,44.9
66.01,75.1,2.8,44.9
67.01,75.3,2.8,44.9
68.01,75.1,2.8,44.9
69.01,75.1,2.8,44.9
70.01,75.1,2.8,44.9
71.01,75.1,2.8,44.9
72.01,74.7,2.8,44.9
73.01,74.9,2.8,44.9
74.01,75.2,2.8,44.9
75.01,74.8,2.8,44.9
76.01,74.9,2.8,44.9
77.01,75.1,2.8,44.9
78.01,75.5,2.8,44.9
79.01,74.6,2.8,44.9
80.01,75.2,2.8,44.9
81.01,75.2,2.8,44.9
82.01,75.3,2.8,44.9
83.01,74.9,2.8,44.9
84.01,75.1,2.8,44.9
85.01,75.1,2.8,44.9
86.01,75.1,2.8,44.9
87.01,74.8,2.8,44.9
88.01,75.3,2.8,44.9
89.01,74.1,2.8,44.9
90.01,74.8,2.8,44.9
91.01,74.6,2.8,44.9
92.01,75.2,2.8,44.9
93.01,75.3,2.8,44.9
94.01,74.3,2.8,44.9
95.01,74.6,2.8,44.9
96.01,74.7,2.8,44.9
97.01,74.6,2.8,44.9
98.01,75.0,2.9,44.9
99.01,74.3,2.8,44.9
100.01,75.0,2.8,44.9
101.01,74.6,2.8,44.9
102.01,75.0,2.8,44.9
103.01,75.1,2.8,44.9
104.01,74.7,2.8,44.9
105.01,74.6,2.8,44.9
106.01,75.4,2.8,44.9
107.01,75.0,2.8,44.9
108.01,74.7,2.8,44.9
109.01,75.3,2.8,44.9
110.01,75.3,2.8,44.9
111.01,75.0,2.8,44.9
112.01,74.8,2.8,44.9
113.01,75.2,2.8,44.9
114.01,75.1,2.8,44.9
115.01,74.4,2.8,44.9
116.01,75.1,2.8,44.9
117.01,74.0,2.8,44.9
118.01,75.2,2.8,44.9
119.01,75.1,2.8,44.9
120.01,75.0,2.8,44.9
121.01,75.1,2.8,44.9
122.01,75.2,2.8,44.9
123.01,75.3,2.8,44.9
124.01,74.9,2.8,44.9
125.01,75.0,2.8,44.9
126.01,74.0,2.8,44.9
127.01,75.1,2.8,44.9
128.01,75.3,2.8,44.9
129.01,75.3,2.8,44.9
130.01,74.8,2.8,44.9
131.01,74.7,2.8,44.9
132.01,75.3,2.8,44.9
133.01,74.3,2.8,44.9
134.01,75.0,2.8,44.9
135.01,74.8,2.8,44.9
136.01,75.1,2.8,44.9
137.01,74.4,2.8,44.9
138.01,74.6,2.8,44.9
139.01,75.2,2.8,44.9
140.01,74.6,2.8,44.9
141.01,75.3,2.8,44.9
142.01,75.1,2.8,44.9
143.01,75.2,2.8,44.9
144.01,75.1,2.8,44.9
145.01,75.1,2.8,44.9
146.01,75.0,2.8,44.9
147.01,75.1,2.8,44.9
148.01,74.9,2.8,44.9
149.01,74.7,2.8,44.9
150.01,75.2,2.8,44.9
151.01,74.8,2.8,44.9
152.01,74.5,2.8,44.9
153.01,25.9,2.8,44.9
154.01,55.4,2.8,44.9
155.01,74.4,2.8,44.9
156.01,75.1,2.8,44.9
157.01,74.3,2.8,44.9
158.01,75.2,2.8,44.9
159.01,75.2,2.8,44.9
160.01,74.9,2.8,44.9
161.01,75.2,2.8,44.9
162.01,74.8,2.8,44.9
163.01,75.3,2.8,44.9
164.01,73.6,2.8,44.9
165.01,74.4,2.8,44.9
166.01,75.0,2.8,44.9
167.01,75.1,2.8,44.9
168.01,75.1,2.8,44.9
169.01,73.8,2.8,44.9
170.01,72.9,2.8,44.9
171.01,74.8,2.8,44.9
172.01,74.2,2.8,44.9
173.01,74.7,2.8,44.9
174.02,74.6,2.8,44.9
175.02,74.3,2.8,44.9
176.02,74.1,2.8,44.9
177.02,74.3,2.8,44.9
178.02,75.3,2.8,44.9
179.02,74.9,2.8,44.9
180.02,75.3,2.8,44.9
181.02,74.8,2.8,44.9
182.02,75.4,2.8,44.9
183.02,74.9,2.8,44.9
184.02,75.3,2.8,44.9
185.02,75.2,2.8,44.9
186.02,73.9,2.8,44.9
187.02,75.3,2.8,44.9
188.02,74.7,2.8,44.9
189.02,75.1,2.8,44.9
190.02,74.5,2.8,44.9
191.02,74.3,2.8,44.9
192.02,67.9,2.8,44.9
193.02,74.9,2.8,44.9
194.02,75.3,2.8,44.9
195.02,74.8,2.8,44.9
196.02,74.9,2.8,44.9
197.02,75.2,2.8,44.9
198.02,74.2,2.8,44.9
199.02,74.5,2.8,44.9
200.02,74.7,2.8,44.9
201.02,70.9,2.8,44.9
202.02,63.2,2.8,44.9
203.02,67.0,2.8,44.9
204.02,68.0,2.8,44.9
205.02,55.6,2.8,44.9
206.02,67.8,2.8,44.9
207.02,65.6,2.8,44.9
208.02,64.8,2.8,44.9
209.02,75.3,2.8,44.9
210.02,75.3,2.8,44.9
211.02,74.3,2.8,44.9
212.02,75.0,2.8,44.9
213.02,73.3,2.8,44.9
214.02,75.1,2.8,44.9
215.02,59.1,2.8,44.9
216.02,75.2,2.8,44.9
217.02,75.1,2.8,44.9
218.02,74.9,2.8,44.9
219.02,74.4,2.8,44.9
220.02,75.3,2.8,44.9
221.02,75.3,2.8,44.9
222.02,75.3,2.8,44.9
223.02,74.1,2.8,44.9
224.02,74.6,2.8,44.9
225.02,75.3,2.8,44.9
226.02,74.7,2.8,44.9
227.02,75.1,2.8,44.9
228.02,74.9,2.8,44.9
229.02,74.9,2.8,44.9
230.02,74.9,2.8,44.9
231.02,74.6,2.8,44.9
232.02,75.2,2.8,44.9
233.02,74.3,2.8,44.9
234.02,74.9,2.8,44.9
235.02,75.3,2.8,44.9
236.02,74.5,2.8,44.9
237.02,74.8,2.8,44.9
238.02,73.3,2.8,44.9
239.02,75.2,2.8,44.9
240.02,75.1,2.8,44.9
241.02,75.1,2.8,44.9
242.02,75.2,2.8,44.9
243.02,75.2,2.8,44.9
244.02,75.0,2.8,44.9
245.02,74.6,2.8,44.9
246.02,75.3,2.8,44.9
247.02,75.2,2.8,44.9
248.02,73.0,2.8,44.9
249.02,74.4,2.8,44.9
250.02,75.2,2.8,44.9
251.02,75.4,2.8,44.9
252.02,75.0,2.8,44.9
253.02,75.4,2.8,44.9
254.02,75.1,2.8,44.9
255.02,75.2,2.8,44.9
256.02,74.9,2.8,44.9
257.02,74.7,2.8,44.9
258.02,75.1,2.8,44.9
259.02,75.4,2.8,44.9
260.02,74.8,2.8,44.9
261.02,75.3,2.8,44.9
262.02,74.9,2.8,44.9
263.02,74.8,2.8,44.9
264.02,75.1,2.8,44.9
265.02,75.1,2.8,44.9
266.02,75.0,2.8,44.9
267.02,75.2,2.8,44.9
268.02,75.3,2.8,44.9
269.02,72.5,2.8,44.9
270.02,75.3,2.8,44.9
271.02,75.0,2.8,44.9
272.02,75.3,2.8,44.9
273.02,73.8,2.8,44.9
274.02,75.3,2.8,44.9
275.02,74.8,2.8,44.9
276.02,75.2,2.8,44.9
277.02,75.3,2.8,44.9
278.02,74.9,2.8,44.9
279.02,75.4,2.8,44.9
280.02,75.2,2.8,44.9
281.02,75.0,2.8,44.9
282.02,75.0,2.8,44.9
283.02,75.1,2.8,44.9
284.02,75.4,2.8,44.9
285.02,74.7,2.8,44.9
286.02,75.2,2.8,44.9
287.02,75.1,2.8,44.9
288.02,75.2,2.8,44.9
289.02,75.1,2.8,44.9
290.03,75.1,2.8,44.9
291.03,74.9,2.8,44.9
292.03,73.7,2.8,44.9
293.03,75.4,2.8,44.9
294.03,74.5,2.8,44.9
295.03,74.9,2.8,44.9
296.03,75.0,2.8,44.9
297.03,74.6,2.8,44.9
298.03,74.9,2.8,44.9
299.03,74.7,2.8,44.9
300.03,75.3,2.8,44.9
301.03,74.8,2.8,44.9
302.03,75.2,2.8,44.9
303.03,75.2,2.8,44.9
304.03,74.7,2.8,44.9
305.03,75.1,2.8,44.9
306.03,74.2,2.8,44.9
307.03,75.2,2.8,44.9
308.03,74.9,2.8,44.9
309.03,75.3,2.8,44.9
310.03,75.4,2.8,44.9
311.03,74.6,2.8,44.9
312.03,74.9,2.8,44.9
313.03,74.7,2.8,44.9
314.03,75.1,2.8,44.9
315.03,74.8,2.8,44.9
316.03,74.8,2.8,44.9
317.03,75.2,2.8,44.9
318.03,74.6,2.8,44.9
319.03,74.7,2.8,44.9
320.03,75.2,2.8,44.9
321.03,75.3,2.8,44.9
322.03,74.6,2.8,44.9
323.03,74.1,2.8,44.9
324.03,74.6,2.8,44.9
325.03,73.5,2.8,44.9
326.03,75.1,2.8,44.9
327.03,74.8,2.8,44.9
328.03,74.7,2.8,44.9
329.03,74.9,2.8,44.9
330.03,74.7,2.8,44.9
331.03,74.8,2.8,44.9
332.03,70.8,2.8,44.9
333.03,75.0,2.8,44.9
334.03,75.0,2.8,44.9
335.03,74.9,2.8,44.9
336.03,74.7,2.8,44.9
337.03,74.8,2.8,44.9
338.03,75.1,2.8,44.9
339.03,74.5,2.8,44.9
340.03,74.7,2.8,44.9
341.03,74.9,2.8,44.9
342.03,75.2,2.8,44.9
343.03,74.3,2.8,44.9
344.03,74.6,2.8,44.9
345.03,74.9,2.8,44.9
346.03,75.1,2.8,44.9
347.03,74.6,2.8,44.9
348.03,74.3,2.8,44.9
349.03,75.0,2.8,44.9
350.03,75.4,2.8,44.9
351.03,74.1,2.8,44.9
352.03,75.2,2.8,44.9
353.03,74.1,2.8,44.9
354.03,74.8,2.8,44.9
355.03,74.6,2.8,44.9
356.03,75.1,2.8,44.9
357.03,75.3,2.8,44.9
358.03,74.9,2.8,44.9
359.03,75.1,2.8,44.9
360.03,75.2,2.8,44.9
361.03,74.5,2.8,44.9
362.03,74.8,2.8,44.9
363.03,75.1,2.8,44.9
364.03,75.3,2.8,44.9
365.03,74.6,2.8,44.9
366.03,73.5,2.8,44.9
367.03,6.8,2.8,44.9
368.03,19.7,2.8,44.9
369.03,74.7,2.8,44.9
370.03,75.0,2.8,44.9
371.03,75.3,2.8,44.9
372.03,74.8,2.8,44.9
373.03,74.1,2.8,44.9
374.03,74.6,2.8,44.9
375.03,75.0,2.8,44.9
376.03,74.3,2.8,44.9
377.03,75.4,2.8,44.9
378.03,74.4,2.8,44.9
379.03,75.1,2.8,44.9
380.03,75.1,2.8,44.9
381.03,75.2,2.8,44.9
382.03,75.1,2.8,44.9
383.03,75.0,2.8,44.9
384.03,74.9,2.8,44.9
385.03,74.8,2.8,44.9
386.03,75.4,2.8,44.9
387.03,75.2,2.8,44.9
388.03,75.0,2.8,44.9
389.03,74.8,2.8,44.9
390.03,75.0,2.8,44.9
391.03,75.1,2.8,44.9
392.03,74.4,2.8,44.9
393.03,75.3,2.8,44.9
394.03,73.7,2.8,44.9
395.03,74.1,2.8,44.9
396.03,74.5,2.8,44.9
397.03,75.2,2.8,44.9
398.03,74.9,2.8,44.9
399.03,74.8,2.8,44.9
400.03,75.3,2.8,44.9
401.03,75.0,2.8,44.9
402.03,74.8,2.8,44.9
403.03,75.0,2.8,44.9
404.03,75.0,2.8,44.9
405.03,75.1,2.8,44.9
406.03,74.4,2.8,44.9
407.04,74.8,2.8,44.9
408.04,75.2,2.8,44.9
409.04,74.7,2.8,44.9
410.04,74.4,2.8,44.9
411.04,74.6,2.8,44.9
412.04,75.3,2.8,44.9
413.04,74.3,2.8,44.9
414.04,74.8,2.8,44.9
415.04,74.9,2.8,44.9
416.04,73.2,2.8,44.9
417.04,75.0,2.8,44.9
418.04,75.2,2.8,44.9
419.04,73.7,2.8,44.9
420.04,74.9,2.8,44.9
421.04,74.3,2.8,44.9
422.04,74.6,2.8,44.9
423.04,74.5,2.8,44.9
424.04,74.3,2.8,44.9
425.04,75.0,2.8,44.9
426.04,75.1,2.8,44.9
427.04,74.9,2.8,44.9
428.04,75.1,2.8,44.9
429.04,74.0,2.8,44.9
430.04,74.9,2.8,44.9
431.04,74.8,2.8,44.9
432.04,74.9,2.8,44.9
433.04,74.5,2.8,44.9
434.04,75.1,2.8,44.9
435.04,74.6,2.8,44.9
436.04,74.8,2.8,44.9
437.04,75.1,2.8,44.9
438.04,74.6,2.8,44.9
439.04,75.2,2.8,44.9
440.04,74.3,2.8,44.9
441.04,74.8,2.8,44.9
442.04,75.2,2.8,44.9
443.04,74.4,2.8,44.9
444.04,74.8,2.8,44.9
445.04,71.9,2.8,44.9
446.04,75.0,2.8,44.9
447.04,74.1,2.8,44.9
448.04,74.5,2.8,44.9
449.04,74.7,2.8,44.9
450.04,74.8,2.8,44.9
451.04,74.5,2.8,44.9
452.04,74.0,2.8,44.9
453.04,75.2,2.8,44.9
454.04,74.6,2.8,44.9
455.04,75.1,2.8,44.9
456.04,75.4,2.8,44.9
457.04,74.6,2.8,44.9
458.04,74.7,2.8,44.9
459.04,74.9,2.8,44.9
460.04,75.1,2.8,44.9
461.04,74.2,2.8,44.9
462.04,74.5,2.8,44.9
463.04,74.9,2.8,44.9
464.04,75.5,2.8,44.9
465.04,74.4,2.8,44.9
466.04,75.0,2.8,44.9
467.04,74.2,2.8,44.9
468.04,75.3,2.8,44.9
469.04,74.2,2.8,44.9
470.04,75.3,2.8,44.9
471.04,75.4,2.8,44.9
472.04,74.4,2.8,44.9
473.04,74.9,2.8,44.9
474.04,74.7,2.8,44.9
475.04,75.0,2.8,44.9
476.04,74.6,2.8,44.9
477.04,75.2,2.8,44.9
478.04,74.9,2.8,44.9
479.04,75.0,2.8,44.9
480.04,63.8,2.8,44.9
481.04,75.1,2.8,44.9
482.04,75.2,2.8,44.9
483.04,74.1,2.8,44.9
484.04,75.1,2.8,44.9
485.04,74.6,2.8,44.9
486.04,75.0,2.8,44.9
487.04,74.9,2.8,44.9
488.04,74.3,2.8,44.9
489.04,74.1,2.8,44.9
490.04,74.3,2.8,44.9
491.04,75.3,2.8,44.9
492.04,74.7,2.8,44.9
493.04,74.5,2.8,44.9
494.04,74.9,2.8,44.9
495.04,73.8,2.8,44.9
496.04,75.0,2.8,44.9
497.04,74.4,2.8,44.9
498.04,75.1,2.8,44.9
499.04,75.2,2.8,44.9
500.04,74.8,2.8,44.9
501.04,74.7,2.8,44.9
502.04,74.9,2.8,44.9
503.04,75.2,2.8,44.9
504.04,74.3,2.8,44.9
505.04,75.2,2.8,44.9
506.04,75.1,2.8,44.9
507.04,74.4,2.8,44.9
508.04,74.6,2.8,44.9
509.04,74.6,2.8,44.9
510.04,74.6,2.8,44.9
511.04,75.4,2.8,44.9
512.04,74.6,2.8,44.9
513.04,74.3,2.8,44.9
514.04,74.7,2.8,44.9
515.04,74.9,2.8,44.9
516.04,74.1,2.8,44.9
517.04,74.9,2.8,44.9
518.04,74.7,2.8,44.9
519.04,74.8,2.8,44.9
520.04,75.4,2.8,44.9
521.04,74.8,2.8,44.9
522.04,75.2,2.8,44.9
523.05,75.1,2.8,44.9
524.05,75.3,2.8,44.9
525.05,74.5,2.8,44.9
526.05,74.7,2.8,44.9
527.05,75.2,2.8,44.9
528.05,75.1,2.8,44.9
529.05,75.0,2.8,44.9
530.05,74.8,2.8,44.9
531.05,74.8,2.8,44.9
532.05,75.1,2.8,44.9
533.05,74.6,2.8,44.9
534.05,75.4,2.8,44.9
535.05,74.2,2.8,44.9
536.05,75.5,2.8,44.9
537.05,74.7,2.8,44.9
538.05,74.5,2.8,44.9
539.05,74.7,2.8,44.9
540.05,74.9,2.8,44.9
541.05,74.8,2.8,44.9
542.05,74.8,2.8,44.9
543.05,74.8,2.8,44.9
544.05,74.7,2.8,44.9
545.05,74.8,2.8,44.9
546.05,74.9,2.8,44.9
547.05,74.6,2.8,44.9
548.05,74.8,2.8,44.9
549.05,74.7,2.8,44.9
550.05,75.2,2.8,44.9
551.05,74.6,2.8,44.9
552.05,75.0,2.8,44.9
553.05,74.8,2.8,44.9
554.05,74.9,2.8,44.9
555.05,74.9,2.8,44.9
556.05,67.4,2.8,44.9
557.05,75.3,2.8,44.9
558.05,75.0,2.8,44.9
559.05,74.5,2.8,44.9
560.05,74.7,2.8,44.9
561.05,73.2,2.8,44.9
562.05,74.5,2.8,44.9
563.05,74.3,2.8,44.9
564.05,75.4,2.8,44.9
565.05,74.8,2.8,44.9
566.05,74.8,2.8,44.9
567.05,74.7,2.8,44.9
568.05,74.8,2.8,44.9
569.05,74.6,2.8,44.9
570.05,74.2,2.8,44.9
571.05,75.0,2.8,44.9
572.05,75.2,2.8,44.9
573.05,71.1,2.8,44.9
574.05,70.8,2.8,44.9
575.05,74.4,2.8,44.9
576.05,75.2,2.8,44.9
577.05,74.8,2.8,44.9
578.05,74.8,2.8,44.9
579.05,74.7,2.8,44.9
580.05,75.1,2.8,44.9
581.05,75.1,2.8,44.9
582.05,74.6,2.8,44.9
583.05,75.1,2.8,44.9
584.05,74.6,2.8,44.9
585.05,74.6,2.8,44.9
586.05,74.2,2.8,44.9
587.05,74.9,2.8,44.9
588.05,74.8,2.8,44.9
589.05,74.9,2.8,44.9
590.05,75.1,2.8,44.9
591.05,75.0,2.8,44.9
592.05,75.3,2.8,44.9
593.05,75.1,2.8,44.9
594.05,74.6,2.8,44.9
595.05,74.7,2.8,44.9
596.05,74.1,2.8,44.9
597.05,75.0,2.8,44.9
598.05,74.0,2.8,44.9
599.05,74.3,2.8,44.9
600.05,75.0,2.8,44.9
601.05,75.1,2.8,44.9
602.05,75.2,2.8,44.9
603.05,74.1,2.8,44.9
604.05,75.4,2.8,44.9
605.05,73.7,2.8,44.9
606.05,75.2,2.8,44.9
607.05,74.3,2.8,44.9
608.05,75.0,2.8,44.9
609.05,75.0,2.8,44.9
610.05,73.7,2.8,44.9
611.05,75.2,2.8,44.9
612.05,74.2,2.8,44.9
613.05,59.3,2.8,44.9
614.05,66.8,2.8,44.9
615.05,74.6,2.8,44.9
616.05,74.7,2.8,44.9
617.05,75.2,2.8,44.9
618.05,75.2,2.8,44.9
619.05,74.6,2.8,44.9
620.05,75.2,2.8,44.9
621.05,74.6,2.8,44.9
622.05,75.0,2.8,44.9
623.05,74.8,2.8,44.9
624.05,75.2,2.8,44.9
625.05,73.3,2.8,44.9
626.05,74.9,2.8,44.9
627.05,75.2,2.8,44.9
628.05,75.3,2.8,44.9
629.05,74.2,2.8,44.9
630.05,74.8,2.8,44.9
631.05,74.3,2.8,44.9
632.05,75.3,2.8,44.9
633.05,74.4,2.8,44.9
634.05,74.0,2.8,44.9
635.05,75.3,2.8,44.9
636.05,75.0,2.8,44.9
637.05,74.8,2.8,44.9
638.05,74.8,2.8,44.9
639.05,75.0,2.8,44.9
640.05,74.3,2.8,44.9
641.05,75.5,2.8,44.9
642.05,73.8,2.8,44.9
643.05,74.2,2.8,44.9
644.05,74.9,2.8,44.9
645.05,74.7,2.8,44.9
646.06,75.1,2.8,44.9
647.06,74.3,2.8,44.9
648.06,75.0,2.8,44.9
649.06,74.5,2.8,44.9
650.06,75.2,2.8,44.9
651.06,74.7,2.8,44.9
652.06,74.3,2.8,44.9
653.06,75.1,2.8,44.9
654.06,74.2,2.8,44.9
655.06,75.5,2.8,44.9
656.06,75.0,2.8,44.9
657.06,74.3,2.8,44.9
658.06,74.7,2.8,44.9
659.06,74.7,2.8,44.9
660.06,75.2,2.8,44.9
661.06,74.4,2.8,44.9
662.06,75.1,2.8,44.9
663.06,75.0,2.8,44.9
664.06,74.6,2.8,44.9
665.06,75.1,2.8,44.9
666.06,74.5,2.8,44.9
667.06,75.4,2.8,44.9
668.06,74.7,2.8,44.9
669.06,75.1,2.8,44.9
670.06,75.0,2.8,44.9
671.06,74.4,2.8,44.9
672.06,75.3,2.8,44.9
673.06,74.1,2.8,44.9
674.06,75.3,2.8,44.9
675.06,74.9,2.8,44.9
676.06,75.0,2.8,44.9
677.06,74.4,2.8,44.9
678.06,74.7,2.8,44.9
679.06,74.3,2.8,44.9
680.06,74.4,2.8,44.9
681.06,74.4,2.8,44.9
682.06,74.5,2.8,44.9
683.06,74.8,2.8,44.9
684.06,75.3,2.8,44.9
685.06,75.3,2.8,44.9
686.06,74.6,2.8,44.9
687.06,74.5,2.8,44.9
688.06,75.2,2.8,44.9
689.06,74.6,2.8,44.9
690.06,73.9,2.8,44.9
691.06,75.1,2.8,44.9
692.06,73.8,2.8,44.9
693.06,75.2,2.8,44.9
694.06,75.3,2.8,44.9
695.06,74.7,2.8,44.9
696.06,74.9,2.8,44.9
697.06,74.6,2.8,44.9
698.06,75.1,2.8,44.9
699.06,74.6,2.8,44.9
700.06,75.0,2.8,44.9
701.06,73.6,2.8,44.9
702.06,75.1,2.8,44.9
703.06,74.7,2.8,44.9
704.06,75.1,2.8,44.9
705.06,75.1,2.8,44.9
706.06,74.1,2.8,44.9
707.06,75.3,2.8,44.9
708.06,75.1,2.8,44.9
709.06,75.1,2.8,44.9
710.06,74.2,2.8,44.9
711.06,74.8,2.8,44.9
712.06,75.0,2.8,44.9
713.06,74.0,2.8,44.9
714.06,74.9,2.8,44.9
715.06,75.1,2.8,44.9
716.06,75.2,2.8,44.9
717.06,73.4,2.8,44.9
718.06,74.7,2.8,44.9
719.06,75.2,2.8,44.9
720.06,74.8,2.8,44.9
721.06,74.8,2.8,44.9
722.06,74.1,2.8,44.9
723.06,75.0,2.8,44.9
724.06,74.6,2.8,44.9
725.06,74.9,2.8,44.9
726.06,75.2,2.8,44.9
727.06,73.9,2.8,44.9
728.06,75.2,2.8,44.9
729.06,74.3,2.8,44.9
730.06,74.3,2.8,44.9
731.06,74.5,2.8,44.9
732.06,74.1,2.8,44.9
733.06,75.1,2.8,44.9
734.06,74.3,2.8,44.9
735.06,75.3,2.8,44.9
736.06,74.2,2.8,44.9
737.06,75.0,2.8,44.9
738.06,73.4,2.8,44.9
739.06,74.3,2.8,44.9
740.06,75.3,2.8,44.9
741.06,74.5,2.8,44.9
742.06,75.0,2.8,44.9
743.06,74.3,2.8,44.9
744.06,75.1,2.8,44.9
745.06,73.6,2.8,44.9
746.06,75.3,2.8,44.9
747.06,74.8,2.8,44.9
748.06,74.4,2.8,44.9
749.06,75.3,2.8,44.9
750.06,74.0,2.8,44.9
751.06,75.1,2.8,44.9
752.06,70.7,2.8,44.9
753.06,17.5,2.8,44.9
754.06,30.6,2.8,44.9
755.06,72.0,2.8,44.9
756.06,74.2,2.8,44.9
757.06,74.5,2.8,44.9
758.06,75.1,2.8,44.9
759.06,75.3,2.8,44.9
760.06,74.8,2.8,44.9
761.06,74.8,2.8,44.9
762.06,74.6,2.8,44.9
763.06,74.9,2.8,44.9
764.06,74.7,2.8,44.9
765.06,74.9,2.8,44.9
766.06,74.8,2.8,44.9
767.06,73.8,2.8,44.9
768.06,75.1,2.8,44.9
769.06,73.6,2.8,44.9
770.06,75.3,2.8,44.9
771.07,74.8,2.8,44.9
772.07,74.9,2.8,44.9
773.07,74.8,2.8,44.9
774.07,73.4,2.8,44.9
775.07,74.3,2.8,44.9
776.07,75.1,2.8,44.9
777.07,74.7,2.8,44.9
778.07,75.1,2.8,44.9
779.07,74.3,2.8,44.9
780.07,74.8,2.8,44.9
781.07,75.0,2.8,44.9
782.07,74.4,2.8,44.9
783.07,74.9,2.8,44.9
784.07,74.6,2.8,44.9
785.07,75.2,2.8,44.9
786.07,74.2,2.8,44.9
787.07,75.1,2.8,44.9
788.07,73.9,2.8,44.9
789.07,73.7,2.8,44.9
790.07,74.1,2.8,44.9
791.07,74.7,2.8,44.9
792.07,74.7,2.8,44.9
793.07,73.9,2.8,44.9
794.07,74.1,2.8,44.9
795.07,75.1,2.8,44.9
796.07,75.1,2.8,44.9
797.07,74.7,2.8,44.9
798.07,75.3,2.8,44.9
799.07,74.7,2.8,44.9
800.07,73.7,2.8,44.9
801.07,75.2,2.8,44.9
802.07,74.0,2.8,44.9
803.07,70.2,2.8,44.9
804.07,74.4,2.8,44.9
805.07,74.9,2.8,44.9
806.07,75.3,2.8,44.9
807.07,73.8,2.8,44.9
808.07,74.6,2.8,44.9
809.07,74.2,2.8,44.9
810.07,74.6,2.8,44.9
811.07,74.6,2.8,44.9
812.07,73.3,2.8,44.9
813.07,74.2,2.8,44.9
814.07,74.6,2.8,44.9
815.07,74.7,2.8,44.9
816.07,75.3,2.8,44.9
817.07,73.3,2.8,44.9
818.07,74.9,2.8,44.9
819.07,74.6,2.8,44.9
820.07,74.7,2.8,44.9
821.07,74.4,2.8,44.9
822.07,74.6,2.8,44.9
823.07,75.1,2.8,44.9
824.07,74.8,2.8,44.9
825.07,74.1,2.8,44.9
826.07,73.3,2.8,44.9
827.07,75.1,2.8,44.9
828.07,74.3,2.8,44.9
829.07,74.7,2.8,44.9
830.07,74.4,2.8,44.9
831.07,74.7,2.8,44.9
832.07,74.5,2.8,44.9
833.07,73.5,2.8,44.9
834.07,74.3,2.8,44.9
835.07,73.9,2.8,44.9
836.07,75.1,2.8,44.9
837.07,74.1,2.8,44.9
838.07,74.7,2.8,44.9
839.07,74.1,2.8,44.9
840.07,74.6,2.8,44.9
841.07,74.6,2.8,44.9
842.07,73.8,2.8,44.9
843.07,73.9,2.8,44.9
844.07,73.1,2.8,44.9
845.07,74.6,2.8,44.9
846.07,74.3,2.8,44.9
847.07,74.5,2.8,44.9
848.07,74.5,2.8,44.9
849.07,74.1,2.8,44.9
850.07,74.9,2.8,44.9
851.07,73.7,2.8,44.9
852.07,74.8,2.8,44.9
853.07,74.9,2.8,44.9
854.07,74.1,2.8,44.9
855.07,74.1,2.8,44.9
856.07,73.8,2.8,44.9
857.07,75.2,2.8,44.9
858.07,74.3,2.8,44.9
859.07,74.6,2.8,44.9
860.07,75.0,2.8,44.9
861.07,74.6,2.8,44.9
862.07,75.3,2.8,44.9
863.07,74.6,2.8,44.9
864.07,75.0,2.8,44.9
865.07,74.8,2.8,44.9
866.07,74.1,2.8,44.9
867.07,74.9,2.8,44.9
868.07,73.9,2.8,44.9
869.07,75.3,2.8,44.9
870.07,74.6,2.8,44.9
871.07,74.6,2.8,44.9
872.07,74.3,2.8,44.9
873.07,74.7,2.8,44.9
874.07,75.2,2.8,44.9
875.07,73.3,2.8,44.9
876.07,75.0,2.8,44.9
877.07,74.7,2.8,44.9
878.07,74.6,2.8,44.9
879.07,75.2,2.8,44.9
880.07,74.7,2.8,44.9
881.07,75.0,2.8,44.9
882.07,73.6,2.8,44.9
883.07,74.2,2.8,44.9
884.07,73.2,2.8,44.9
885.07,75.3,2.8,44.9
886.07,74.8,2.8,44.9
887.07,73.6,2.8,44.9
888.07,74.7,2.8,44.9
889.07,73.8,2.8,44.9
890.07,75.1,2.8,44.9
891.07,74.7,2.8,44.9
892.07,69.8,2.8,44.9
893.07,74.6,2.8,44.9
894.08,74.5,2.8,44.9
895.08,75.3,2.8,44.9
896.08,74.2,2.8,44.9
897.08,75.2,2.8,44.9
898.08,74.9,2.8,44.9
899.08,75.0,2.8,44.9
900.08,73.6,2.8,44.9
901.08,74.5,2.8,44.9
902.08,75.3,2.8,44.9
903.08,74.7,2.8,44.9
904.08,75.4,2.8,44.9
905.08,74.0,2.8,44.9
906.08,74.3,2.8,44.9
907.08,74.6,2.8,44.9
908.08,74.4,2.8,44.9
909.08,75.0,2.8,44.9
910.08,74.3,2.8,44.9
911.08,74.9,2.8,44.9
912.08,74.7,2.8,44.9
913.08,74.3,2.8,44.9
914.08,72.9,2.8,44.9
915.08,73.6,2.8,44.9
916.08,75.1,2.8,44.9
917.08,74.5,2.8,44.9
918.08,75.1,2.8,44.9
919.08,73.9,2.8,44.9
920.08,74.6,2.8,44.9
921.08,75.0,2.8,44.9
922.08,75.1,2.8,44.9
923.08,75.1,2.8,44.9
924.08,75.0,2.8,44.9
925.08,74.6,2.8,44.9
926.08,74.6,2.8,44.9
927.08,73.9,2.8,44.9
928.08,74.7,2.8,44.9
929.08,74.5,2.8,44.9
930.08,75.1,2.8,44.9
931.08,74.8,2.8,44.9
932.08,74.3,2.8,44.9
933.08,74.8,2.8,44.9
934.08,74.8,2.8,44.9
935.08,74.5,2.8,44.9
936.08,74.3,2.8,44.9
937.08,75.2,2.8,44.9
938.08,75.1,2.8,44.9
939.08,74.3,2.8,44.9
940.08,74.6,2.8,44.9
941.08,74.4,2.8,44.9
942.08,74.9,2.8,44.9
943.08,75.3,2.8,44.9
944.08,74.2,2.8,44.9
945.08,74.8,2.8,44.9
946.08,75.0,2.8,44.9
947.08,74.8,2.8,44.9
948.08,74.9,2.8,44.9
949.08,74.3,2.8,44.9
950.08,75.2,2.8,44.9
951.08,74.6,2.8,44.9
952.08,74.9,2.8,44.9
953.08,74.6,2.8,44.9
954.08,75.3,2.8,44.9
955.08,74.3,2.8,44.9
956.08,75.0,2.8,44.9
957.08,73.6,2.8,44.9
958.08,74.8,2.8,44.9
959.08,74.6,2.8,44.9
960.08,74.2,2.8,44.9
961.08,73.9,2.8,44.9
962.08,74.5,2.8,44.9
963.08,74.7,2.8,44.9
964.08,74.4,2.8,44.9
965.08,74.1,2.8,44.9
966.08,62.1,2.8,44.9
967.08,0.0,2.8,44.9
968.08,23.3,2.8,44.9
969.08,74.3,2.8,44.9
970.08,75.0,2.8,44.9
971.08,73.9,2.8,44.9
972.08,74.8,2.8,44.9
973.08,74.6,2.8,44.9
974.08,74.7,2.8,44.9
975.08,74.0,2.8,44.9
976.08,74.3,2.8,44.9
977.08,75.3,2.8,44.9
978.08,74.1,2.8,44.9
979.08,75.1,2.8,44.9
980.08,75.0,2.8,44.9
981.08,74.6,2.8,44.9
982.08,75.1,2.8,44.9
983.08,74.3,2.8,44.9
984.08,74.3,2.8,44.9
985.08,74.6,2.8,44.9
986.08,75.2,2.8,44.9
987.08,74.8,2.8,44.9
988.08,74.8,2.8,44.9
989.08,75.3,2.8,44.9
990.08,74.5,2.8,44.9
991.08,75.2,2.8,44.9
992.08,73.9,2.8,44.9
993.08,75.1,2.8,44.9
994.08,75.0,2.8,44.9
995.08,74.5,2.8,44.9
996.08,74.2,2.8,44.9
997.08,74.4,2.8,44.9
998.08,74.8,2.8,44.9
999.08,73.8,2.8,44.9
1000.08,71.0,2.8,44.9
1001.08,73.4,2.8,44.9
1002.08,74.6,2.8,44.9
1003.08,74.5,2.8,44.9
1004.08,74.4,2.8,44.9
1005.08,75.0,2.8,44.9
1006.08,74.8,2.8,44.9
1007.08,74.8,2.8,44.9
1008.08,74.4,2.8,44.9
1009.08,74.4,2.8,44.9
1010.08,75.1,2.8,44.9
1011.08,74.2,2.8,44.9
1012.08,75.1,2.8,44.9
1013.08,73.9,2.8,44.9
1014.08,75.3,2.8,44.9
1015.08,75.1,2.8,44.9
1016.09,74.6,2.8,44.9
1017.09,75.2,2.8,44.9
1018.09,74.0,2.8,44.9
1019.09,74.5,2.8,44.9
1020.09,75.1,2.8,44.9
1021.09,74.3,2.8,44.9
1022.09,75.4,2.8,44.9
1023.09,74.6,2.8,44.9
1024.09,75.0,2.8,44.9
1025.09,75.4,2.8,44.9
1026.09,74.9,2.8,44.9
1027.09,75.4,2.8,44.9
1028.09,73.7,2.8,44.9
1029.09,74.3,2.8,44.9
1030.09,74.1,2.8,44.9
1031.09,75.0,2.8,44.9
1032.09,74.4,2.8,44.9
1033.09,74.7,2.8,44.9
1034.09,75.3,2.8,44.9
1035.09,74.9,2.8,44.9
1036.09,75.1,2.8,44.9
1037.09,73.9,2.8,44.9
1038.09,74.9,2.8,44.9
1039.09,74.9,2.8,44.9
1040.09,74.9,2.8,44.9
1041.09,74.4,2.8,44.9
1042.09,74.4,2.8,44.9
1043.09,74.6,2.8,44.9
1044.09,74.3,2.8,44.9
1045.09,75.6,2.8,44.9
1046.09,74.3,2.8,44.9
1047.09,74.6,2.8,44.9
1048.09,74.1,2.8,44.9
1049.09,74.9,2.8,44.9
1050.09,74.9,2.8,44.9
1051.09,75.1,2.8,44.9
1052.09,75.0,2.8,44.9
1053.09,74.9,2.8,44.9
1054.09,74.4,2.8,44.9
1055.09,74.9,2.8,44.9
1056.09,74.0,2.8,44.9
1057.09,75.1,2.8,44.9
1058.09,74.6,2.8,44.9
1059.09,74.5,2.8,44.9
1060.09,73.9,2.8,44.9
1061.09,73.9,2.8,44.9
1062.09,75.0,2.8,44.9
1063.09,74.8,2.8,44.9
1064.09,74.1,2.8,44.9
1065.09,74.2,2.8,44.9
1066.09,74.8,2.8,44.9
1067.09,75.1,2.8,44.9
1068.09,73.2,2.8,44.9
1069.09,74.6,2.8,44.9
1070.09,75.1,2.8,44.9
1071.09,75.1,2.8,44.9
1072.09,74.2,2.8,44.9
1073.09,75.3,2.8,44.9
1074.09,74.9,2.8,44.9
1075.09,74.5,2.8,44.9
1076.09,74.8,2.8,44.9
1077.09,73.5,2.8,44.9
1078.09,75.2,2.8,44.9
1079.09,74.9,2.8,44.9
1080.09,74.6,2.8,44.9
1081.09,74.9,2.8,44.9
1082.09,74.6,2.8,44.9
1083.09,74.8,2.8,44.9
1084.09,74.2,2.8,44.9
1085.09,70.3,2.8,44.9
1086.09,74.9,2.8,44.9
1087.09,75.1,2.8,44.9
1088.09,74.8,2.8,44.9
1089.09,74.6,2.8,44.9
1090.09,75.0,2.8,44.9
1091.09,74.3,2.8,44.9
1092.09,74.5,2.8,44.9
1093.09,74.6,2.8,44.9
1094.09,74.0,2.8,44.9
1095.09,75.3,2.8,44.9
1096.09,74.3,2.8,44.9
1097.09,74.8,2.8,44.9
1098.09,74.6,2.8,44.9
1099.09,74.5,2.8,44.9
1100.09,75.2,2.8,44.9
1101.09,74.6,2.8,44.9
1102.09,75.3,2.8,44.9
1103.09,74.2,2.8,44.9
1104.09,74.9,2.8,44.9
1105.09,74.8,2.8,44.9
1106.09,75.5,2.8,44.9
1107.09,74.3,2.8,44.9
1108.09,74.2,2.8,44.9
1109.09,74.9,2.8,44.9
1110.09,74.5,2.8,44.9
1111.09,74.2,2.8,44.9
1112.09,74.7,2.8,44.9
1113.09,74.2,2.8,44.9
1114.09,74.3,2.8,44.9
1115.09,73.8,2.8,44.9
1116.09,75.1,2.8,44.9
1117.09,75.1,2.8,44.9
1118.09,74.6,2.8,44.9
1119.09,74.3,2.8,44.9
1120.09,74.3,2.8,44.9
1121.09,74.3,2.8,44.9
1122.09,74.2,2.8,44.9
1123.09,74.9,2.8,44.9
1124.09,75.0,2.8,44.9
1125.09,74.1,2.8,44.9
1126.09,74.3,2.8,44.9
1127.09,75.3,2.8,44.9
1128.09,75.1,2.8,44.9
1129.09,74.6,2.8,44.9
1130.09,74.2,2.8,44.9
1131.09,74.4,2.8,44.9
1132.09,74.6,2.8,44.9
1133.09,74.9,2.8,44.9
1134.09,74.2,2.8,44.9
1135.09,75.0,2.8,44.9
1136.09,74.9,2.8,44.9
1137.09,74.8,2.8,44.9
1138.1,74.3,2.8,44.9
1139.1,75.1,2.8,44.9
1140.1,67.3,2.8,44.9
1141.1,72.7,2.8,44.9
1142.1,66.8,2.8,44.9
1143.1,68.3,2.8,44.9
1144.1,73.7,2.8,44.9
1145.1,67.5,2.8,44.9
1146.1,68.9,2.8,44.9
1147.1,73.5,2.8,44.9
1148.1,74.9,2.8,44.9
1149.1,73.7,2.8,44.9
1150.1,71.9,2.8,44.9
1151.1,73.8,2.8,44.9
1152.1,70.7,2.8,44.9
1153.1,73.3,2.8,44.9
1154.1,72.6,2.8,44.9
1155.1,74.4,2.8,44.9
1156.1,74.1,2.8,44.9
1157.1,75.2,2.8,44.9
1158.1,74.2,2.8,44.9
1159.1,74.1,2.8,44.9
1160.1,74.7,2.8,44.9
1161.1,74.7,2.8,44.9
1162.1,74.5,2.8,44.9
1163.1,74.6,2.8,44.9
1164.1,75.2,2.8,44.9
1165.1,74.4,2.8,44.9
1166.1,73.1,2.8,44.9
1167.1,74.4,2.8,44.9
1168.1,74.0,2.8,44.9
1169.1,74.6,2.8,44.9
1170.1,74.5,2.8,44.9
1171.1,75.5,2.8,44.9
1172.1,74.6,2.8,44.9
1173.1,73.8,2.8,44.9
1174.1,74.3,2.8,44.9
1175.1,74.7,2.8,44.9
1176.1,75.0,2.8,44.9
1177.1,73.9,2.8,44.9
1178.1,74.9,2.8,44.9
1179.1,74.5,2.8,44.9
1180.1,74.5,2.8,44.9
1181.1,73.1,2.8,44.9
1182.1,73.9,2.8,44.9
1183.1,74.0,2.8,44.9
1184.1,73.9,2.8,44.9
1185.1,75.0,2.8,44.9
1186.1,75.0,2.8,44.9
1187.1,73.2,2.8,44.9
1188.1,74.6,2.8,44.9
1189.1,74.7,2.8,44.9
1190.1,74.8,2.8,44.9
1191.1,74.1,2.8,44.9
1192.1,75.2,2.8,44.9
1193.1,74.8,2.8,44.9
1194.1,74.8,2.8,44.9
1195.1,75.1,2.8,44.9
1196.1,72.9,2.8,44.9
1197.1,74.8,2.8,44.9
1198.1,73.9,2.8,44.9
1199.1,75.1,2.8,44.9
1200.1,74.2,2.8,44.9
1201.1,75.1,2.8,44.9
1202.1,74.4,2.8,44.9
1203.1,74.3,2.8,44.9
1204.1,75.1,2.8,44.9
1205.1,74.2,2.8,44.9
1206.1,67.3,2.8,44.9
1207.1,74.8,2.8,44.9
1208.1,74.5,2.8,44.9
1209.1,74.6,2.8,44.9
1210.1,74.6,2.8,44.9
1211.1,74.8,2.8,44.9
1212.1,74.0,2.8,44.9
1213.1,75.1,2.8,44.9
1214.1,74.5,2.8,44.9
1215.1,75.1,2.8,44.9
1216.1,74.3,2.8,44.9
1217.1,74.8,2.8,44.9
1218.1,74.9,2.8,44.9
1219.1,74.4,2.8,44.9
1220.1,74.4,2.8,44.9
1221.1,74.8,2.8,44.9
1222.1,74.2,2.8,44.9
1223.1,74.9,2.8,44.9
1224.1,74.1,2.8,44.9
1225.1,74.8,2.8,44.9
1226.1,74.8,2.8,44.9
1227.1,75.3,2.8,44.9
1228.1,74.2,2.8,44.9
1229.1,73.9,2.8,44.9
1230.1,75.1,2.8,44.9
1231.1,74.5,2.8,44.9
1232.1,74.7,2.8,44.9
1233.1,75.0,2.8,44.9
1234.1,74.4,2.8,44.9
1235.1,74.7,2.8,44.9
1236.1,74.6,2.8,44.9
1237.1,74.9,2.8,44.9
1238.1,74.0,2.8,44.9
1239.1,75.1,2.8,44.9
1240.1,74.6,2.8,44.9
1241.1,74.5,2.8,44.9
1242.1,74.8,2.8,44.9
1243.1,74.1,2.8,44.9
1244.1,75.3,2.8,44.9
1245.1,73.4,2.8,44.9
1246.1,74.8,2.8,44.9
1247.1,74.1,2.8,44.9
1248.1,75.2,2.8,44.9
1249.1,75.2,2.8,44.9
1250.1,73.9,2.8,44.9
1251.1,75.2,2.8,44.9
1252.1,74.9,2.8,44.9
1253.1,74.6,2.8,44.9
1254.1,73.8,2.8,44.9
1255.1,74.9,2.8,44.9
1256.1,75.2,2.8,44.9
1257.1,73.6,2.8,44.9
1258.1,74.6,2.8,44.9
1259.1,74.6,2.8,44.9
1260.1,74.6,2.8,44.9
1261.1,75.1,2.8,44.9
1262.1,74.2,2.8,44.9
1263.11,74.9,2.8,44.9
1264.11,73.3,2.8,44.9
1265.11,74.8,2.8,44.9
1266.11,72.8,2.8,44.9
1267.11,74.0,2.8,44.9
1268.11,75.4,2.8,44.9
1269.11,72.9,2.8,44.9
1270.11,75.1,2.8,44.9
1271.11,72.9,2.8,44.9
1272.11,74.9,2.8,44.9
1273.11,73.8,2.8,44.9
1274.11,73.5,2.8,44.9
1275.11,75.3,2.8,44.9
1276.11,73.3,2.8,44.9
1277.11,70.9,2.8,44.9
1278.11,73.5,2.8,44.9
1279.11,73.5,2.8,44.9
1280.11,75.1,2.8,44.9
1281.11,74.6,2.8,44.9
1282.11,70.9,2.8,44.9
1283.11,73.1,2.8,44.9
1284.11,75.2,2.8,44.9
1285.11,74.1,2.8,44.9
1286.11,74.3,2.8,44.9
1287.11,75.3,2.8,44.9
1288.11,74.1,2.8,44.9
1289.11,75.1,2.8,44.9
1290.11,74.7,2.8,44.9
1291.11,74.4,2.8,44.9
1292.11,74.4,2.8,44.9
1293.11,75.0,2.8,44.9
1294.11,74.9,2.8,44.9
1295.11,73.2,2.8,44.9
1296.11,75.2,2.8,44.9
1297.11,74.6,2.8,44.9
1298.11,74.5,2.8,44.9
1299.11,74.5,2.8,44.9
1300.11,74.4,2.8,44.9
1301.11,67.7,2.8,44.9
1302.11,68.2,2.8,44.9
1303.11,74.8,2.8,44.9
1304.11,75.3,2.8,44.9
1305.11,73.7,2.8,44.9
1306.11,73.6,2.8,44.9
1307.11,64.8,2.8,44.9
1308.11,74.4,2.8,44.9
1309.11,74.6,2.8,44.9
1310.11,75.2,2.8,44.9
1311.11,74.4,2.8,44.9
1312.11,75.2,2.8,44.9
1313.11,73.8,2.8,44.9
1314.11,74.5,2.8,44.9
1315.11,74.8,2.8,44.9
1316.11,73.8,2.8,44.9
1317.11,73.7,2.8,44.9
1318.11,74.2,2.8,44.9
1319.11,73.8,2.8,44.9
1320.11,75.2,2.8,44.9
1321.11,74.4,2.8,44.9
1322.11,74.9,2.8,44.9
1323.11,74.8,2.8,44.9
1324.11,74.3,2.8,44.9
1325.11,74.2,2.8,44.9
1326.11,74.5,2.8,44.9
1327.11,74.8,2.8,44.9
1328.11,75.1,2.8,44.9
1329.11,74.5,2.8,44.9
1330.11,74.5,2.8,44.9
1331.11,74.4,2.8,44.9
1332.11,74.2,2.8,44.9
1333.11,74.2,2.8,44.9
1334.11,75.2,2.8,44.9
1335.11,75.3,2.8,44.9
1336.11,74.8,2.8,44.9
1337.11,75.1,2.8,44.9
1338.11,74.6,2.8,44.9
1339.11,74.8,2.8,44.9
1340.11,74.4,2.8,44.9
1341.11,75.0,2.8,44.9
1342.11,73.8,2.8,44.9
1343.11,75.0,2.8,44.9
1344.11,75.1,2.8,44.9
1345.11,74.3,2.8,44.9
1346.11,75.3,2.8,44.9
1347.11,74.2,2.8,44.9
1348.11,74.6,2.8,44.9
1349.11,73.6,2.8,44.9
1350.11,74.7,2.8,44.9
1351.11,74.3,2.8,44.9
1352.11,74.5,2.8,44.9
1353.11,38.5,2.8,44.9
1354.11,22.6,2.8,44.9
1355.11,49.3,2.8,44.9
1356.11,73.1,2.8,44.9
1357.11,74.7,2.8,44.9
1358.11,75.4,2.8,44.9
1359.11,75.1,2.8,44.9
1360.11,73.7,2.8,44.9
1361.11,74.6,2.8,44.9
1362.11,74.5,2.8,44.9
1363.11,74.8,2.8,44.9
1364.11,74.1,2.8,44.9
1365.11,75.0,2.8,44.9
1366.11,75.1,2.8,44.9
1367.11,74.6,2.8,44.9
1368.11,73.8,2.8,44.9
1369.11,74.5,2.8,44.9
1370.11,74.5,2.8,44.9
1371.11,73.6,2.8,44.9
1372.11,73.6,2.8,44.9
1373.11,74.9,2.8,44.9
1374.11,74.5,2.8,44.9
1375.11,74.9,2.8,44.9
1376.11,74.0,2.8,44.9
1377.11,74.3,2.8,44.9
1378.11,74.1,2.8,44.9
1379.11,74.3,2.8,44.9
1380.11,74.4,2.8,44.9
1381.12,74.8,2.8,44.9
1382.12,74.5,2.8,44.9
1383.12,74.2,2.8,44.9
1384.12,74.1,2.8,44.9
1385.12,75.0,2.8,44.9
1386.12,75.1,2.8,44.9
1387.12,74.2,2.8,44.9
1388.12,71.0,2.8,44.9
1389.12,74.6,2.8,44.9
1390.12,73.1,2.8,44.9
1391.12,74.3,2.8,44.9
1392.12,74.6,2.8,44.9
1393.12,73.4,2.8,44.9
1394.12,75.0,2.8,44.9
1395.12,73.1,2.8,44.9
1396.12,73.8,2.8,44.9
1397.12,73.1,2.8,44.9
1398.12,75.2,2.8,44.9
1399.12,75.2,2.8,44.9
1400.12,73.6,2.8,44.9
1401.12,74.4,2.8,44.9
1402.12,74.8,2.8,44.9
1403.12,74.9,2.8,44.9
1404.12,74.5,2.8,44.9
1405.12,74.5,2.8,44.9
1406.12,74.9,2.8,44.9
1407.12,74.4,2.8,44.9
1408.12,74.8,2.8,44.9
1409.12,74.2,2.8,44.9
1410.12,74.1,2.8,44.9
1411.12,74.8,2.8,44.9
1412.12,74.6,2.8,44.9
1413.12,74.0,2.8,44.9
1414.12,73.0,2.8,44.9
1415.12,75.0,2.8,44.9
1416.12,74.4,2.8,44.9
1417.12,74.6,2.8,44.9
1418.12,73.4,2.8,44.9
1419.12,74.6,2.8,44.9
1420.12,75.0,2.8,44.9
1421.12,74.5,2.8,44.9
1422.12,73.6,2.8,44.9
1423.12,74.6,2.8,44.9
1424.12,75.2,2.8,44.9
1425.12,74.9,2.8,44.9
1426.12,72.8,2.8,44.9
1427.12,74.9,2.8,44.9
1428.12,75.1,2.8,44.9
1429.12,74.8,2.8,44.9
1430.12,74.0,2.8,44.9
1431.12,75.1,2.8,44.9
1432.12,75.0,2.8,44.9
1433.12,74.9,2.8,44.9
1434.12,74.3,2.8,44.9
1435.12,74.2,2.8,44.9
1436.12,75.2,2.8,44.9
1437.12,75.2,2.8,44.9
1438.12,74.3,2.8,44.9
1439.12,74.6,2.8,44.9
1440.12,75.3,2.8,44.9
1441.12,75.1,2.8,44.9
1442.12,75.0,2.8,44.9
1443.12,67.7,2.8,44.9
1444.12,74.7,2.8,44.9
1445.12,74.6,2.8,44.9
1446.12,74.1,2.8,44.9
1447.12,74.8,2.8,44.9
1448.12,74.1,2.8,44.9
1449.12,74.5,2.8,44.9
1450.12,74.1,2.8,44.9
1451.12,73.5,2.8,44.9
1452.12,74.1,2.8,44.9
1453.12,75.1,2.8,44.9
1454.12,74.6,2.8,44.9
1455.12,75.2,2.8,44.9
1456.12,75.3,2.8,44.9
1457.12,74.6,2.8,44.9
1458.12,71.4,2.8,44.9
1459.12,73.3,2.8,44.9
1460.12,74.1,2.8,44.9
1461.12,74.6,2.8,44.9
1462.12,73.9,2.8,44.9
1463.12,74.3,2.8,44.9
1464.12,73.8,2.8,44.9
1465.12,75.1,2.8,44.9
1466.12,75.5,2.8,44.9
1467.12,74.3,2.8,44.9
1468.12,74.8,2.8,44.9
1469.12,70.2,2.8,44.9
1470.12,74.1,2.8,44.9
1471.12,74.8,2.8,44.9
1472.12,73.7,2.8,44.9
1473.12,73.4,2.8,44.9
1474.12,74.3,2.8,44.9
1475.12,74.7,2.8,44.9
1476.12,74.6,2.8,44.9
1477.12,74.8,2.8,44.9
1478.12,74.8,2.8,44.9
1479.12,74.1,2.8,44.9
1480.12,74.3,2.8,44.9
1481.12,74.4,2.8,44.9
1482.12,74.6,2.8,44.9
1483.12,74.3,2.8,44.9
1484.12,73.4,2.8,44.9
1485.12,75.1,2.8,44.9
1486.12,74.6,2.8,44.9
1487.12,74.4,2.8,44.9
1488.12,74.8,2.8,44.9
1489.12,74.8,2.8,44.9
1490.12,75.4,2.8,44.9
1491.12,74.8,2.8,44.9
1492.12,74.2,2.8,44.9
1493.12,74.8,2.8,44.9
1494.12,74.5,2.8,44.9
1495.12,74.7,2.8,44.9
1496.12,74.7,2.8,44.9
1497.12,74.2,2.8,44.9
1498.12,74.7,2.8,44.9
1499.12,75.0,2.8,44.9
1500.12,74.8,2.8,44.9
1501.12,74.1,2.8,44.9
1502.12,75.2,2.8,44.9
1503.12,73.5,2.8,44.9
1504.13,73.6,2.8,44.9
1505.13,74.5,2.8,44.9
1506.13,69.9,2.8,44.9
1507.13,73.9,2.8,44.9
1508.13,74.8,2.8,44.9
1509.13,74.5,2.8,44.9
1510.13,74.7,2.8,44.9
1511.13,74.8,2.8,44.9
1512.13,74.3,2.8,44.9
1513.13,74.8,2.8,44.9
1514.13,74.9,2.8,44.9
1515.13,73.9,2.8,44.9
1516.13,74.3,2.8,44.9
1517.13,74.1,2.8,44.9
1518.13,74.9,2.8,44.9
1519.13,72.4,2.8,44.9
1520.13,74.6,2.8,44.9
1521.13,73.4,2.8,44.9
1522.13,73.9,2.8,44.9
1523.13,75.0,2.8,44.9
1524.13,75.5,2.8,44.9
1525.13,74.6,2.8,44.9
1526.13,72.5,2.8,44.9
1527.13,74.9,2.8,44.9
1528.13,74.6,2.8,44.9
1529.13,74.8,2.8,44.9
1530.13,74.6,2.8,44.9
1531.13,74.2,2.8,44.9
1532.13,75.3,2.8,44.9
1533.13,73.2,2.8,44.9
1534.13,74.6,2.8,44.9
1535.13,75.3,2.8,44.9
1536.13,75.1,2.8,44.9
1537.13,74.3,2.8,44.9
1538.13,73.5,2.8,44.9
1539.13,74.3,2.8,44.9
1540.13,74.3,2.8,44.9
1541.13,74.4,2.8,44.9
1542.13,74.0,2.8,44.9
1543.13,73.9,2.8,44.9
1544.13,74.6,2.8,44.9
1545.13,74.8,2.8,44.9
1546.13,74.4,2.8,44.9
1547.13,74.4,2.8,44.9
1548.13,74.1,2.8,44.9
1549.13,73.9,2.8,44.9
1550.13,75.1,2.8,44.9
1551.13,75.0,2.8,44.9
1552.13,73.6,2.8,44.9
1553.13,74.7,2.8,44.9
1554.13,74.4,2.8,44.9
1555.13,74.2,2.8,44.9
1556.13,74.5,2.8,44.9
1557.13,74.4,2.8,44.9
1558.13,74.1,2.8,44.9
1559.13,74.8,2.8,44.9
1560.13,75.0,2.8,44.9
1561.13,73.7,2.8,44.9
1562.13,74.8,2.8,44.9
1563.13,74.6,2.8,44.9
1564.13,73.4,2.8,44.9
1565.13,74.9,2.8,44.9
1566.13,61.1,2.8,44.9
1567.13,2.7,2.8,44.9
1568.13,39.0,2.8,44.9
1569.13,74.4,2.8,44.9
1570.13,74.8,2.8,44.9
1571.13,74.9,2.8,44.9
1572.13,74.1,2.8,44.9
1573.13,75.0,2.8,44.9
1574.13,74.6,2.8,44.9
1575.13,74.2,2.8,44.9
1576.13,74.0,2.8,44.9
1577.13,73.9,2.8,44.9
1578.13,74.8,2.8,44.9
1579.13,71.9,2.8,44.9
1580.13,74.2,2.8,44.9
1581.13,74.6,2.8,44.9
1582.13,74.1,2.8,44.9
1583.13,74.3,2.8,44.9
1584.13,75.0,2.8,44.9
1585.13,75.3,2.8,44.9
1586.13,74.1,2.8,44.9
1587.13,72.4,2.8,44.9
1588.13,73.6,2.8,44.9
1589.13,74.3,2.8,44.9
1590.13,74.5,2.8,44.9
1591.13,74.8,2.8,44.9
1592.13,75.1,2.8,44.9
1593.13,73.7,2.8,44.9
1594.13,73.4,2.8,44.9
1595.13,73.6,2.8,44.9
1596.13,73.5,2.8,44.9
1597.13,74.6,2.8,44.9
1598.13,74.2,2.8,44.9
1599.13,74.9,2.8,44.9
1600.13,74.6,2.8,44.9
1601.13,74.6,2.8,44.9
1602.13,74.7,2.8,44.9
1603.13,74.1,2.8,44.9
1604.13,75.4,2.8,44.9
1605.13,74.4,2.8,44.9
1606.13,74.5,2.8,44.9
1607.13,75.1,2.8,44.9
1608.13,74.1,2.8,44.9
1609.13,74.9,2.8,44.9
1610.13,74.8,2.8,44.9
1611.13,74.4,2.8,44.9
1612.13,75.0,2.8,44.9
1613.13,74.6,2.8,44.9
1614.13,74.7,2.8,44.9
1615.13,74.4,2.8,44.9
1616.13,74.8,2.8,44.9
1617.13,74.2,2.8,44.9
1618.13,74.8,2.8,44.9
1619.13,73.3,2.8,44.9
1620.13,74.0,2.8,44.9
1621.13,72.0,2.8,44.9
1622.13,74.7,2.8,44.9
1623.13,74.1,2.8,44.9
1624.13,74.6,2.8,44.9
1625.13,69.9,2.8,44.9
1626.13,75.3,2.8,44.9
1627.14,74.2,2.8,44.9
1628.14,74.6,2.8,44.9
1629.14,73.6,2.8,44.9
1630.14,74.5,2.8,44.9
1631.14,75.0,2.8,44.9
1632.14,74.8,2.8,44.9
1633.14,74.6,2.8,44.9
1634.14,74.8,2.8,44.9
1635.14,74.3,2.8,44.9
1636.14,75.3,2.8,44.9
1637.14,73.5,2.8,44.9
1638.14,74.5,2.8,44.9
1639.14,73.1,2.8,44.9
1640.14,74.3,2.8,44.9
1641.14,74.4,2.8,44.9
1642.14,74.7,2.8,44.9
1643.14,74.9,2.8,44.9
1644.14,74.7,2.8,44.9
1645.14,75.2,2.8,44.9
1646.14,74.4,2.8,44.9
1647.14,75.1,2.8,44.9
1648.14,75.0,2.8,44.9
1649.14,74.6,2.8,44.9
1650.14,74.4,2.8,44.9
1651.14,74.1,2.8,44.9
1652.14,74.8,2.8,44.9
1653.14,73.6,2.8,44.9
1654.14,74.1,2.8,44.9
1655.14,74.4,2.8,44.9
1656.14,74.9,2.8,44.9
1657.14,75.0,2.8,44.9
1658.14,74.7,2.8,44.9
1659.14,74.8,2.8,44.9
1660.14,73.5,2.8,44.9
1661.14,74.9,2.8,44.9
1662.14,74.1,2.8,44.9
1663.14,74.3,2.8,44.9
1664.14,74.3,2.8,44.9
1665.14,74.7,2.8,44.9
1666.14,74.0,2.8,44.9
1667.14,73.8,2.8,44.9
1668.14,75.0,2.8,44.9
1669.14,74.5,2.8,44.9
1670.14,68.9,2.8,44.9
1671.14,75.3,2.8,44.9
1672.14,74.0,2.8,44.9
1673.14,75.0,2.8,44.9
1674.14,74.4,2.8,44.9
1675.14,74.6,2.8,44.9
1676.14,74.7,2.8,44.9
1677.14,74.3,2.8,44.9
1678.14,74.8,2.8,44.9
1679.14,74.0,2.8,44.9
1680.14,75.1,2.8,44.9
1681.14,74.9,2.8,44.9
1682.14,73.9,2.8,44.9
1683.14,73.8,2.8,44.9
1684.14,74.7,2.8,44.9
1685.14,75.1,2.8,44.9
1686.14,74.8,2.8,44.9
1687.14,74.6,2.8,44.9
1688.14,74.2,2.8,44.9
1689.14,74.2,2.8,44.9
1690.14,74.6,2.8,44.9
1691.14,74.7,2.8,44.9
1692.14,75.1,2.8,44.9
1693.14,74.3,2.8,44.9
1694.14,74.7,2.8,44.9
1695.14,74.9,2.8,44.9
1696.14,73.8,2.8,44.9
1697.14,75.0,2.8,44.9
1698.14,74.0,2.8,44.9
1699.14,75.4,2.8,44.9
1700.14,74.6,2.8,44.9
1701.14,75.0,2.8,44.9
1702.14,75.1,2.8,44.9
1703.14,74.2,2.8,44.9
1704.14,74.6,2.8,44.9
1705.14,74.1,2.8,44.9
1706.14,74.4,2.8,44.9
1707.14,74.9,2.8,44.9
1708.14,74.7,2.8,44.9
1709.14,74.3,2.8,44.9
1710.14,74.3,2.8,44.9
1711.14,75.0,2.8,44.9
1712.14,74.1,2.8,44.9
1713.14,74.0,2.8,44.9
1714.14,74.2,2.8,44.9
1715.14,74.1,2.8,44.9
1716.14,74.8,2.8,44.9
1717.14,74.7,2.8,44.9
1718.14,75.2,2.8,44.9
1719.14,75.2,2.8,44.9
1720.14,73.6,2.8,44.9
1721.14,75.2,2.8,44.9
1722.14,74.6,2.8,44.9
1723.14,74.9,2.8,44.9
1724.14,74.9,2.8,44.9
1725.14,74.0,2.8,44.9
1726.14,75.3,2.8,44.9
1727.14,74.4,2.8,44.9
1728.14,75.3,2.8,44.9
1729.14,74.7,2.8,44.9
1730.14,73.4,2.8,44.9
1731.14,74.3,2.8,44.9
1732.14,74.0,2.8,44.9
1733.14,74.6,2.8,44.9
1734.14,74.4,2.8,44.9
1735.14,74.3,2.8,44.9
1736.14,74.4,2.8,44.9
1737.14,74.4,2.8,44.9
1738.14,74.6,2.8,44.9
1739.14,73.4,2.8,44.9
1740.14,75.0,2.8,44.9
1741.14,73.5,2.8,44.9
1742.14,74.8,2.8,44.9
1743.14,75.0,2.8,44.9
1744.14,75.0,2.8,44.9
1745.14,75.2,2.8,44.9
1746.14,74.3,2.8,44.9
1747.14,74.1,2.8,44.9
1748.14,74.7,2.8,44.9
1749.15,74.9,2.8,44.9
1750.15,73.8,2.8,44.9
1751.15,74.4,2.8,44.9
1752.15,75.0,2.8,44.9
1753.15,74.4,2.8,44.9
1754.15,75.4,2.8,44.9
1755.15,74.4,2.8,44.9
1756.15,74.0,2.8,44.9
1757.15,74.9,2.8,44.9
1758.15,73.7,2.8,44.9
1759.15,72.8,2.8,44.9
1760.15,74.8,2.8,44.9
1761.15,74.3,2.8,44.9
1762.15,73.9,2.8,44.9
1763.15,75.3,2.8,44.9
1764.15,74.9,2.8,44.9
1765.15,74.9,2.8,44.9
1766.15,75.0,2.8,44.9
1767.15,74.0,2.8,44.9
1768.15,74.4,2.8,44.9
1769.15,74.9,2.8,44.9
1770.15,74.8,2.8,44.9
1771.15,74.8,2.8,44.9
1772.15,74.6,2.8,44.9
1773.15,75.3,2.8,44.9
1774.15,74.5,2.8,44.9
1775.15,73.8,2.8,44.9
1776.15,74.1,2.8,44.9
1777.15,75.0,2.8,44.9
1778.15,74.0,2.8,44.9
1779.15,74.3,2.8,44.9
1780.15,74.7,2.8,44.9
1781.15,69.5,2.8,44.9
1782.15,74.5,2.8,44.9
1783.15,74.1,2.8,44.9
1784.15,75.0,2.8,44.9
1785.15,75.0,2.8,44.9
1786.15,73.9,2.8,44.9
1787.15,75.1,2.8,44.9
1788.15,74.1,2.8,44.9
1789.15,74.5,2.8,44.9
1790.15,73.8,2.8,44.9
1791.15,70.5,2.8,44.9
1792.15,74.8,2.8,44.9
1793.15,73.7,2.8,44.9
1794.15,73.4,2.8,44.9
1795.15,74.2,2.8,44.9
1796.15,72.8,2.8,44.9
1797.15,74.5,2.8,44.9
1798.15,74.1,2.8,44.9
1799.15,74.6,2.8,44.9
1800.15,74.9,2.8,44.9
1801.15,70.6,2.8,44.9
1802.15,73.6,2.8,44.9
1803.15,72.9,2.8,44.9
1804.15,74.3,2.8,44.9
1805.15,74.7,2.8,44.9
1806.15,74.2,2.8,44.9
1807.15,74.3,2.8,44.9
1808.15,74.7,2.8,44.9
1809.15,73.2,2.8,44.9
1810.15,75.1,2.8,44.9
1811.15,72.2,2.8,44.9
1812.15,74.6,2.8,44.9
1813.15,74.1,2.8,44.9
1814.15,73.8,2.8,44.9
1815.15,74.8,2.8,44.9
1816.15,73.2,2.8,44.9
1817.15,74.9,2.8,44.9
1818.15,75.1,2.8,44.9
1819.15,73.4,2.8,44.9
1820.15,74.7,2.8,44.9
1821.15,72.9,2.8,44.9
1822.15,74.4,2.8,44.9
1823.15,72.9,2.8,44.9
1824.15,74.0,2.8,44.9
1825.15,74.7,2.8,44.9
1826.15,74.5,2.8,44.9
1827.15,74.4,2.8,44.9
1828.15,73.1,2.8,44.9
1829.15,74.9,2.8,44.9
1830.15,72.4,2.8,44.9
1831.15,74.1,2.8,44.9
1832.15,74.1,2.8,44.9
1833.15,73.0,2.8,44.9
1834.15,74.6,2.8,44.9
1835.15,74.1,2.8,44.9
1836.15,73.7,2.8,44.9
1837.15,74.1,2.8,44.9
1838.15,73.1,2.8,44.9
1839.15,73.3,2.8,44.9
1840.15,74.3,2.8,44.9
1841.15,69.2,2.8,44.9
1842.15,74.5,2.8,44.9
1843.15,72.4,2.8,44.9
1844.15,74.4,2.8,44.9
1845.15,73.3,2.8,44.9
1846.15,74.7,2.8,44.9
1847.15,74.1,2.8,44.9
1848.15,74.2,2.8,44.9
1849.15,74.4,2.8,44.9
1850.15,74.8,2.8,44.9
1851.15,74.7,2.8,44.9
1852.15,74.3,2.8,44.9
1853.15,75.1,2.8,44.9
1854.15,73.7,2.8,44.9
1855.15,73.8,2.8,44.9
1856.15,74.4,2.8,44.9
1857.15,74.1,2.8,44.9
1858.15,75.3,2.8,44.9
1859.15,73.6,2.8,44.9
1860.15,74.6,2.8,44.9
1861.15,72.6,2.8,44.9
1862.15,73.8,2.8,44.9
1863.15,74.1,2.8,44.9
1864.15,74.6,2.8,44.9
1865.15,73.3,2.8,44.9
1866.15,73.1,2.8,44.9
1867.15,74.5,2.8,44.9
1868.15,74.6,2.8,44.9
1869.15,73.9,2.8,44.9
1870.15,75.1,2.8,44.9
1871.15,74.3,2.8,44.9
1872.15,74.6,2.8,44.9
1873.15,73.7,2.8,44.9
1874.16,74.6,2.8,44.9
1875.16,73.8,2.8,44.9
1876.16,74.6,2.8,44.9
1877.16,73.9,2.8,44.9
1878.16,74.3,2.8,44.9
1879.16,54.5,2.8,44.9
1880.16,64.4,2.8,44.9
1881.16,73.6,2.8,44.9
1882.16,74.4,2.8,44.9
1883.16,72.9,2.8,44.9
1884.16,74.4,2.8,44.9
1885.16,74.1,2.8,44.9
1886.16,74.4,2.8,44.9
1887.16,74.1,2.8,44.9
1888.16,72.3,2.8,44.9
1889.16,74.1,2.8,44.9
1890.16,73.8,2.8,44.9
1891.16,74.2,2.8,44.9
1892.16,72.6,2.8,44.9
1893.16,73.7,2.8,44.9
1894.16,75.3,2.8,44.9
1895.16,73.8,2.8,44.9
1896.16,75.0,2.8,44.9
1897.16,73.6,2.8,44.9
1898.16,74.4,2.8,44.9
1899.16,73.9,2.8,44.9
1900.16,73.6,2.8,44.9
1901.16,74.3,2.8,44.9
1902.16,74.3,2.8,44.9
1903.16,74.7,2.8,44.9
1904.16,73.2,2.8,44.9
1905.16,74.1,2.8,44.9
1906.16,73.5,2.8,44.9
1907.16,74.6,2.8,44.9
1908.16,75.1,2.8,44.9
1909.16,73.2,2.8,44.9
1910.16,74.3,2.8,44.9
1911.16,73.2,2.8,44.9
1912.16,74.3,2.8,44.9
1913.16,74.2,2.8,44.9
1914.16,74.1,2.8,44.9
1915.16,73.8,2.8,44.9
1916.16,73.6,2.8,44.9
1917.16,73.1,2.8,44.9
1918.16,72.4,2.8,44.9
1919.16,74.3,2.8,44.9
1920.16,74.0,2.8,44.9
1921.16,72.6,2.8,44.9
1922.16,72.4,2.8,44.9
1923.16,73.8,2.8,44.9
1924.16,73.9,2.8,44.9
1925.16,74.3,2.8,44.9
1926.16,73.3,2.8,44.9
1927.16,70.8,2.8,44.9
1928.16,73.3,2.8,44.9
1929.16,73.9,2.8,44.9
1930.16,74.0,2.8,44.9
1931.16,73.3,2.8,44.9
1932.16,74.7,2.8,44.9
1933.16,73.1,2.8,44.9
1934.16,74.4,2.8,44.9
1935.16,73.8,2.8,44.9
1936.16,74.3,2.8,44.9
1937.16,73.1,2.8,44.9
1938.16,72.7,2.8,44.9
1939.16,74.3,2.8,44.9
1940.16,72.7,2.8,44.9
1941.16,73.9,2.8,44.9
1942.16,73.6,2.8,44.9
1943.16,73.7,2.8,44.9
1944.16,72.8,2.8,44.9
1945.16,68.7,2.8,44.9
1946.16,74.1,2.8,44.9
1947.16,72.5,2.8,44.9
1948.16,74.1,2.8,44.9
1949.16,72.5,2.8,44.9
1950.16,73.6,2.8,44.9
1951.16,73.6,2.8,44.9
1952.16,72.9,2.8,44.9
1953.16,9.0,2.8,44.9
1954.16,14.5,2.8,44.9
1955.16,74.3,2.8,44.9
1956.16,72.9,2.8,44.9
1957.16,73.8,2.8,44.9
1958.16,74.8,2.8,44.9
1959.16,74.9,2.8,44.9
1960.16,73.8,2.8,44.9
1961.16,74.4,2.8,44.9
1962.16,74.6,2.8,44.9
1963.16,74.3,2.8,44.9
1964.16,73.6,2.8,44.9
1965.16,73.2,2.8,44.9
1966.16,73.4,2.8,44.9
1967.16,74.0,2.8,44.9
1968.16,74.1,2.8,44.9
1969.16,72.2,2.8,44.9
1970.16,72.4,2.8,44.9
1971.16,73.7,2.8,44.9
1972.16,72.5,2.8,44.9
1973.16,74.7,2.8,44.9
1974.16,72.1,2.8,44.9
1975.16,74.0,2.8,44.9
1976.16,72.5,2.8,44.9
1977.16,74.3,2.8,44.9
1978.16,74.6,2.8,44.9
1979.16,73.0,2.8,44.9
1980.16,75.3,2.8,44.9
1981.16,72.4,2.8,44.9
1982.16,73.4,2.8,44.9
1983.16,73.7,2.8,44.9
1984.16,73.9,2.8,44.9
1985.16,74.2,2.8,44.9
1986.16,73.8,2.8,44.9
1987.16,73.8,2.8,44.9
1988.16,72.2,2.8,44.9
1989.16,72.7,2.8,44.9
1990.16,73.1,2.8,44.9
1991.16,73.3,2.8,44.9
1992.16,74.3,2.8,44.9
1993.16,72.5,2.8,44.9
1994.16,74.9,2.8,44.9
1995.16,72.8,2.8,44.9
1996.16,74.1,2.8,44.9
1997.16,74.7,2.8,44.9
1998.16,72.5,2.8,44.9
1999.16,74.7,2.8,44.9
2000.16,72.7,2.8,44.9
2001.16,74.4,2.8,44.9
2002.17,74.0,2.8,44.9
2003.17,73.4,2.8,44.9
2004.17,74.6,2.8,44.9
2005.17,72.0,2.8,44.9
2006.17,73.9,2.8,44.9
2007.17,73.9,2.8,44.9
2008.17,74.1,2.8,44.9
2009.17,74.1,2.8,44.9
2010.17,69.7,2.8,44.9
2011.17,73.7,2.8,44.9
2012.17,74.1,2.8,44.9
2013.17,72.6,2.8,44.9
2014.17,73.7,2.8,44.9
2015.17,74.1,2.8,44.9
2016.17,74.5,2.8,44.9
2017.17,72.8,2.8,44.9
2018.17,74.6,2.8,44.9
2019.17,64.2,2.8,44.9
2020.17,73.3,2.8,44.9
2021.17,73.9,2.8,44.9
2022.17,72.8,2.8,44.9
2023.17,74.6,2.8,44.9
2024.17,72.6,2.8,44.9
2025.17,74.8,2.8,44.9
2026.17,74.3,2.8,44.9
2027.17,73.5,2.8,44.9
2028.17,75.1,2.8,44.9
2029.17,72.6,2.8,44.9
2030.17,74.3,2.8,44.9
2031.17,73.8,2.8,44.9
2032.17,73.6,2.8,44.9
2033.17,74.9,2.8,44.9
2034.17,73.9,2.8,44.9
2035.17,73.8,2.8,44.9
2036.17,73.4,2.8,44.9
2037.17,74.5,2.8,44.9
2038.17,73.8,2.8,44.9
2039.17,73.8,2.8,44.9
2040.17,73.6,2.8,44.9
2041.17,73.8,2.8,44.9
2042.17,75.2,2.8,44.9
2043.17,73.7,2.8,44.9
2044.17,73.0,2.8,44.9
2045.17,74.8,2.8,44.9
2046.17,72.9,2.8,44.9
2047.17,74.4,2.8,44.9
2048.17,73.8,2.8,44.9
2049.17,73.8,2.8,44.9
2050.17,73.5,2.8,44.9
2051.17,74.8,2.8,44.9
2052.17,74.1,2.8,44.9
2053.17,74.2,2.8,44.9
2054.17,74.3,2.8,44.9
2055.17,73.3,2.8,44.9
2056.17,74.3,2.8,44.9
2057.17,74.2,2.8,44.9
2058.17,72.3,2.8,44.9
2059.17,74.7,2.8,44.9
2060.17,74.1,2.8,44.9
2061.17,74.6,2.8,44.9
2062.17,73.8,2.8,44.9
2063.17,74.8,2.8,44.9
2064.17,74.9,2.8,44.9
2065.17,74.6,2.8,44.9
2066.17,72.2,2.8,44.9
2067.17,74.3,2.8,44.9
2068.17,71.3,2.8,44.9
2069.17,74.0,2.8,44.9
2070.17,68.1,2.8,44.9
2071.17,65.7,2.8,44.9
2072.17,73.6,2.8,44.9
2073.17,68.3,2.8,44.9
2074.17,69.0,2.8,44.9
2075.17,70.6,2.8,44.9
2076.17,73.2,2.8,44.9
2077.17,73.9,2.8,44.9
2078.17,73.5,2.8,44.9
2079.17,73.4,2.8,44.9
2080.17,73.6,2.8,44.9
2081.17,73.7,2.8,44.9
2082.17,73.8,2.8,44.9
2083.17,73.4,2.8,44.9
2084.17,74.3,2.8,44.9
2085.17,63.6,2.8,44.9
2086.17,74.4,2.8,44.9
2087.17,74.8,2.8,44.9
2088.17,73.8,2.8,44.9
2089.17,74.7,2.8,44.9
2090.17,75.1,2.8,44.9
2091.17,75.0,2.8,44.9
2092.17,74.9,2.8,44.9
2093.17,73.2,2.8,44.9
2094.17,73.5,2.8,44.9
2095.17,74.7,2.8,44.9
2096.17,74.3,2.8,44.9
2097.17,74.7,2.8,44.9
2098.17,74.7,2.8,44.9
2099.17,74.3,2.8,44.9
2100.17,74.9,2.8,44.9
2101.17,74.4,2.8,44.9
2102.17,73.8,2.8,44.9
2103.17,73.1,2.8,44.9
2104.17,74.1,2.8,44.9
2105.17,73.2,2.8,44.9
2106.17,74.3,2.8,44.9
2107.17,74.6,2.8,44.9
2108.17,74.1,2.8,44.9
2109.17,72.6,2.8,44.9
2110.17,73.2,2.8,44.9
2111.17,73.0,2.8,44.9
2112.17,73.8,2.8,44.9
2113.17,65.4,2.8,44.9
2114.17,74.2,2.8,44.9
2115.17,73.3,2.8,44.9
2116.17,73.4,2.8,44.9
2117.17,75.0,2.8,44.9
2118.17,73.6,2.8,44.9
2119.17,73.8,2.8,44.9
2120.17,74.0,2.8,44.9
2121.17,75.1,2.8,44.9
2122.17,72.2,2.8,44.9
2123.17,74.8,2.8,44.9
2124.17,74.6,2.8,44.9
2125.17,71.8,2.8,44.9
2126.17,72.1,2.8,44.9
2127.17,74.0,2.8,44.9
2128.18,71.3,2.8,44.9
2129.18,74.0,2.8,44.9
2130.18,73.3,2.8,44.9
2131.18,74.7,2.8,44.9
2132.18,72.6,2.8,44.9
2133.18,74.6,2.8,44.9
2134.18,74.3,2.8,44.9
2135.18,73.2,2.8,44.9
2136.18,74.4,2.8,44.9
2137.18,72.3,2.8,44.9
2138.18,73.4,2.8,44.9
2139.18,73.1,2.8,44.9
2140.18,71.8,2.8,44.9
2141.18,74.8,2.8,44.9
2142.18,73.3,2.8,44.9
2143.18,74.3,2.8,44.9
2144.18,74.0,2.8,44.9
2145.18,73.9,2.8,44.9
2146.18,74.6,2.8,44.9
2147.18,72.4,2.8,44.9
2148.18,74.6,2.8,44.9
2149.18,71.9,2.8,44.9
2150.18,74.1,2.8,44.9
2151.18,72.6,2.8,44.9
2152.18,70.8,2.8,44.9
2153.18,72.6,2.8,44.9
2154.18,71.0,2.8,44.9
2155.18,70.9,2.8,44.9
2156.18,70.9,2.8,44.9
2157.18,70.2,2.8,44.9
2158.18,71.6,2.8,44.9
2159.18,71.9,2.8,44.9
2160.18,71.0,2.8,44.9
2161.18,72.0,2.8,44.9
2162.18,71.3,2.8,44.9
2163.18,72.8,2.8,44.9
2164.18,69.0,2.8,44.9
2165.18,72.1,2.8,44.9
2166.18,55.0,2.8,44.9
2167.18,4.2,2.8,44.9
2168.18,32.4,2.8,44.9
2169.18,71.3,2.8,44.9
2170.18,71.3,2.8,44.9
2171.18,70.6,2.8,44.9
2172.18,73.0,2.8,44.9
2173.18,72.4,2.8,44.9
2174.18,72.4,2.8,44.9
2175.18,72.7,2.8,44.9
2176.18,72.5,2.8,44.9
2177.18,71.6,2.8,44.9
2178.18,70.1,2.8,44.9
2179.18,70.7,2.8,44.9
2180.18,69.8,2.8,44.9
2181.18,64.9,2.8,44.9
2182.18,43.8,2.8,44.9
2183.18,63.5,2.8,44.9
2184.18,70.8,2.8,44.9
2185.18,71.1,2.8,44.9
2186.18,70.9,2.8,44.9
2187.18,72.3,2.8,44.9
2188.18,73.4,2.8,44.9
2189.18,74.5,2.8,44.9
2190.18,71.7,2.8,44.9
2191.18,73.5,2.8,44.9
2192.18,73.6,2.8,44.9
2193.18,74.7,2.8,44.9
2194.18,74.1,2.8,44.9
2195.18,73.7,2.8,44.9
2196.18,75.4,2.8,44.9
2197.18,73.4,2.8,44.9
2198.18,74.9,2.8,44.9
2199.18,74.4,2.8,44.9
2200.18,74.7,2.8,44.9
2201.18,75.1,2.8,44.9
2202.18,73.9,2.8,44.9
2203.18,75.2,2.8,44.9
2204.18,74.4,2.8,44.9
2205.18,75.5,2.8,44.9
2206.18,74.1,2.8,44.9
2207.18,74.1,2.8,44.9
2208.18,74.0,2.8,44.9
2209.18,74.2,2.8,44.9
2210.18,74.6,2.8,44.9
2211.18,73.1,2.8,44.9
2212.18,74.6,2.8,44.9
2213.18,73.8,2.8,44.9
2214.18,74.3,2.8,44.9
2215.18,75.1,2.8,44.9
2216.18,74.1,2.8,44.9
2217.18,75.1,2.8,44.9
2218.18,72.6,2.8,44.9
2219.18,73.4,2.8,44.9
2220.18,74.6,2.8,44.9
2221.18,74.1,2.8,44.9
2222.18,73.4,2.8,44.9
2223.18,73.0,2.8,44.9
2224.18,74.1,2.8,44.9
2225.18,74.0,2.8,44.9
2226.18,73.4,2.8,44.9
2227.18,73.9,2.8,44.9
2228.18,73.4,2.8,44.9
2229.18,74.6,2.8,44.9
2230.18,74.4,2.8,44.9
2231.18,73.9,2.8,44.9
2232.18,74.9,2.8,44.9
2233.18,74.3,2.8,44.9
2234.18,73.3,2.8,44.9
2235.18,73.0,2.8,44.9
2236.18,73.8,2.8,44.9
2237.18,74.4,2.8,44.9
2238.18,74.7,2.8,44.9
2239.18,73.4,2.8,44.9
2240.18,74.4,2.8,44.9
2241.18,74.1,2.8,44.9
2242.18,74.4,2.8,44.9
2243.18,74.0,2.8,44.9
2244.18,74.3,2.8,44.9
2245.18,73.8,2.8,44.9
2246.18,73.9,2.8,44.9
2247.18,74.8,2.8,44.9
2248.18,73.8,2.8,44.9
2249.18,74.4,2.8,44.9
2250.18,74.3,2.8,44.9
2251.19,74.7,2.8,44.9
2252.19,73.6,2.8,44.9
2253.19,73.3,2.8,44.9
2254.19,74.8,2.8,44.9
2255.19,74.1,2.8,44.9
2256.19,74.0,2.8,44.9
2257.19,75.3,2.8,44.9
2258.19,73.9,2.8,44.9
2259.19,74.5,2.8,44.9
2260.19,72.9,2.8,44.9
2261.19,73.8,2.8,44.9
2262.19,74.1,2.8,44.9
2263.19,74.0,2.8,44.9
2264.19,74.5,2.8,44.9
2265.19,73.1,2.8,44.9
2266.19,72.1,2.8,44.9
2267.19,72.8,2.8,44.9
2268.19,72.1,2.8,44.9
2269.19,71.1,2.8,44.9
2270.19,74.0,2.8,44.9
2271.19,74.6,2.8,44.9
2272.19,73.5,2.8,44.9
2273.19,74.7,2.8,44.9
2274.19,67.7,2.8,44.9
2275.19,73.8,2.8,44.9
2276.19,72.5,2.8,44.9
2277.19,73.9,2.8,44.9
2278.19,73.9,2.8,44.9
2279.19,73.8,2.8,44.9
2280.19,72.6,2.8,44.9
2281.19,66.3,2.8,44.9
2282.19,73.9,2.8,44.9
2283.19,74.1,2.8,44.9
2284.19,73.4,2.8,44.9
2285.19,73.5,2.8,44.9
2286.19,74.6,2.8,44.9
2287.19,74.4,2.8,44.9
2288.19,71.5,2.8,44.9
2289.19,74.5,2.8,44.9
2290.19,73.8,2.8,44.9
2291.19,73.6,2.8,44.9
2292.19,74.2,2.8,44.9
2293.19,74.3,2.8,44.9
2294.19,73.1,2.8,44.9
2295.19,73.8,2.8,44.9
2296.19,74.3,2.8,44.9
2297.19,73.9,2.8,44.9
2298.19,72.8,2.8,44.9
2299.19,73.2,2.8,44.9
2300.19,71.6,2.8,44.9
2301.19,73.5,2.8,44.9
2302.19,72.8,2.8,44.9
2303.19,74.8,2.8,44.9
2304.19,74.1,2.8,44.9
2305.19,74.5,2.8,44.9
2306.19,73.6,2.8,44.9
2307.19,74.8,2.8,44.9
2308.19,73.8,2.8,44.9
2309.19,73.9,2.8,44.9
2310.19,71.3,2.8,44.9
2311.19,74.9,2.8,44.9
2312.19,72.6,2.8,44.9
2313.19,74.2,2.8,44.9
2314.19,70.3,2.8,44.9
2315.19,72.7,2.8,44.9
2316.19,74.1,2.8,44.9
2317.19,74.2,2.8,44.9
2318.19,74.8,2.8,44.9
2319.19,74.9,2.8,44.9
2320.19,74.0,2.8,44.9
2321.19,73.9,2.8,44.9
2322.19,73.8,2.8,44.9
2323.19,74.5,2.8,44.9
2324.19,74.5,2.8,44.9
2325.19,73.4,2.8,44.9
2326.19,74.3,2.8,44.9
2327.19,72.9,2.8,44.9
2328.19,74.0,2.8,44.9
2329.19,73.0,2.8,44.9
2330.19,73.3,2.8,44.9
2331.19,73.8,2.8,44.9
2332.19,71.3,2.8,44.9
2333.19,74.8,2.8,44.9
2334.19,70.9,2.8,44.9
2335.19,72.0,2.8,44.9
2336.19,73.2,2.8,44.9
2337.19,74.0,2.8,44.9
2338.19,75.1,2.8,44.9
2339.19,73.0,2.8,44.9
2340.19,73.0,2.8,44.9
2341.19,72.9,2.8,44.9
2342.19,75.1,2.8,44.9
2343.19,74.3,2.8,44.9
2344.19,73.6,2.8,44.9
2345.19,75.2,2.8,44.9
2346.19,72.6,2.8,44.9
2347.19,72.8,2.8,44.9
2348.19,72.3,2.8,44.9
2349.19,54.4,2.8,44.9
2350.19,43.9,2.8,44.9
2351.19,43.2,2.8,44.9
2352.19,69.1,2.8,44.9
2353.19,71.1,2.8,44.9
2354.19,71.6,2.8,44.9
2355.19,70.0,2.8,44.9
2356.19,71.6,2.8,44.9
2357.19,73.1,2.8,44.9
2358.19,71.1,2.8,44.9
2359.19,72.0,2.8,44.9
2360.19,72.3,2.8,44.9
2361.19,70.8,2.8,44.9
2362.19,72.0,2.8,44.9
2363.19,72.8,2.8,44.9
2364.19,71.8,2.8,44.9
2365.19,71.7,2.8,44.9
2366.19,71.6,2.8,44.9
2367.19,72.3,2.8,44.9
2368.19,70.4,2.8,44.9
2369.19,72.4,2.8,44.9
2370.19,72.4,2.8,44.9
2371.19,72.6,2.8,44.9
2372.19,75.3,2.8,44.9
2373.19,74.2,2.8,44.9
2374.19,74.4,2.8,44.9
2375.19,73.5,2.8,44.9
2376.19,74.0,2.8,44.9
2377.19,74.6,2.8,44.9
2378.2,72.4,2.8,44.9
2379.2,73.5,2.8,44.9
2380.2,71.9,2.8,44.9
2381.2,71.7,2.8,44.9
2382.2,71.6,2.8,44.9
2383.2,72.1,2.8,44.9
2384.2,71.7,2.8,44.9
2385.2,71.9,2.8,44.9
2386.2,71.8,2.8,44.9
2387.2,71.7,2.8,44.9
2388.2,72.3,2.8,44.9
2389.2,72.7,2.8,44.9
2390.2,72.7,2.8,44.9
2391.2,74.4,2.8,44.9
2392.2,72.0,2.8,44.9
2393.2,74.3,2.8,44.9
2394.2,73.6,2.8,44.9
2395.2,72.3,2.8,44.9
2396.2,73.8,2.8,44.9
2397.2,72.1,2.8,44.9
2398.2,74.5,2.8,44.9
2399.2,73.3,2.8,44.9
2400.2,73.2,2.8,44.9
2401.2,74.7,2.8,44.9
2402.2,72.7,2.8,44.9
2403.2,73.9,2.8,44.9
2404.2,73.0,2.8,44.9
2405.2,74.9,2.8,44.9
2406.2,74.6,2.8,44.9
2407.2,73.6,2.8,44.9
2408.2,74.1,2.8,44.9
2409.2,74.8,2.8,44.9
2410.2,74.1,2.8,44.9
2411.2,74.8,2.8,44.9
2412.2,73.3,2.8,44.9
2413.2,74.1,2.8,44.9
2414.2,74.9,2.8,44.9
2415.2,73.5,2.8,44.9
2416.2,73.4,2.8,44.9
2417.2,73.0,2.8,44.9
2418.2,75.0,2.8,44.9
2419.2,72.8,2.8,44.9
2420.2,72.8,2.8,44.9
2421.2,75.1,2.8,44.9
2422.2,73.7,2.8,44.9
2423.2,74.4,2.8,44.9
2424.2,73.4,2.8,44.9
2425.2,74.6,2.8,44.9
2426.2,74.3,2.8,44.9
2427.2,73.6,2.8,44.9
2428.2,74.4,2.8,44.9
2429.2,74.3,2.8,44.9
2430.2,73.5,2.8,44.9
2431.2,73.8,2.8,44.9
2432.2,73.1,2.8,44.9
2433.2,74.1,2.8,44.9
2434.2,73.5,2.8,44.9
2435.2,73.6,2.8,44.9
2436.2,72.8,2.8,44.9
2437.2,74.5,2.8,44.9
2438.2,74.7,2.8,44.9
2439.2,73.1,2.8,44.9
2440.2,74.4,2.8,44.9
2441.2,74.1,2.8,44.9
2442.2,75.1,2.8,44.9
2443.2,74.3,2.8,44.9
2444.2,74.3,2.8,44.9
2445.2,73.9,2.8,44.9
2446.2,73.0,2.8,44.9
2447.2,74.3,2.8,44.9
2448.2,74.1,2.8,44.9
2449.2,74.0,2.8,44.9
2450.2,73.8,2.8,44.9
2451.2,74.3,2.8,44.9
2452.2,73.9,2.8,44.9
2453.2,73.6,2.8,44.9
2454.2,73.5,2.8,44.9
2455.2,73.7,2.8,44.9
2456.2,74.3,2.8,44.9
2457.2,73.3,2.8,44.9
2458.2,72.8,2.8,44.9
2459.2,73.8,2.8,44.9
2460.2,73.1,2.8,44.9
2461.2,72.4,2.8,44.9
2462.2,74.0,2.8,44.9
2463.2,73.1,2.8,44.9
2464.2,73.8,2.8,44.9
2465.2,74.2,2.8,44.9
2466.2,74.7,2.8,44.9
2467.2,74.2,2.8,44.9
2468.2,74.4,2.8,44.9
2469.2,74.7,2.8,44.9
2470.2,74.2,2.8,44.9
2471.2,75.1,2.8,44.9
2472.2,74.0,2.8,44.9
2473.2,74.3,2.8,44.9
2474.2,73.0,2.8,44.9
2475.2,69.8,2.8,44.9
2476.2,71.5,2.8,44.9
2477.2,69.0,2.8,44.9
2478.2,73.1,2.8,44.9
2479.2,72.8,2.8,44.9
2480.2,72.1,2.8,44.9
2481.2,72.3,2.8,44.9
2482.2,71.1,2.8,44.9
2483.2,68.7,2.8,44.9
2484.2,61.9,2.8,44.9
2485.2,7.5,2.8,44.9
2486.2,57.9,2.8,44.9
2487.2,73.6,2.8,44.9
2488.2,72.8,2.8,44.9
2489.2,74.6,2.8,44.9
2490.2,73.2,2.8,44.9
2491.2,73.6,2.8,44.9
2492.2,73.6,2.8,44.9
2493.2,73.3,2.8,44.9
2494.2,73.9,2.8,44.9
2495.2,73.1,2.8,44.9
2496.2,72.1,2.8,44.9
2497.2,72.0,2.8,44.9
2498.2,74.1,2.8,44.9
2499.2,73.5,2.8,44.9
2500.21,73.8,2.8,44.9
2501.21,73.6,2.8,44.9
2502.21,74.7,2.8,44.9
2503.21,74.4,2.8,44.9
2504.21,73.4,2.8,44.9
2505.21,74.3,2.8,44.9
2506.21,73.6,2.8,44.9
2507.21,73.4,2.8,44.9
2508.21,73.5,2.8,44.9
2509.21,72.3,2.8,44.9
2510.21,74.6,2.8,44.9
2511.21,73.6,2.8,44.9
2512.21,73.1,2.8,44.9
2513.21,74.0,2.8,44.9
2514.21,73.7,2.8,44.9
2515.21,73.6,2.8,44.9
2516.21,73.9,2.8,44.9
2517.21,74.0,2.8,44.9
2518.21,74.2,2.8,44.9
2519.21,72.6,2.8,44.9
2520.21,71.3,2.8,44.9
2521.21,71.9,2.8,44.9
2522.21,73.3,2.8,44.9
2523.21,72.1,2.8,44.9
2524.21,71.2,2.8,44.9
