Timestamp,CPU Usage (%),Memory Usage (%),Disk Usage (%)
1737110704.0541492,0.0,2.2,44.9
1737110705.054294,26.1,2.5,44.9
1737110706.05435,74.2,2.5,44.9
1737110707.0544195,74.8,2.5,44.9
1737110708.0545454,80.7,2.5,44.9
1737110709.054615,80.5,2.4,44.9
1737110710.0546854,75.9,2.3,44.9
1737110711.0547647,75.3,2.3,44.9
1737110712.0548596,75.3,2.3,44.9
1737110713.054939,72.7,2.3,44.9
1737110714.0550258,75.3,2.3,44.9
1737110715.0550985,74.3,2.3,44.9
1737110716.0551867,75.2,2.3,44.9
1737110717.0552716,75.2,2.3,44.9
1737110718.05535,75.2,2.3,44.9
1737110719.0554411,75.3,2.3,44.9
1737110720.0555003,74.4,2.3,44.9
1737110721.055618,75.2,2.3,44.9
1737110722.0556939,74.6,2.3,44.9
1737110723.0557652,75.2,2.3,44.9
1737110724.0557938,75.0,2.3,44.9
1737110725.0558734,75.1,2.3,44.9
1737110726.0559487,75.0,2.3,44.9
1737110727.0560336,74.5,2.3,44.9
1737110728.0561209,75.2,2.3,44.9
1737110729.056213,75.1,2.3,44.9
1737110730.0562246,75.2,2.3,44.9
1737110731.0563195,75.0,2.3,44.9
1737110732.0564504,74.5,2.3,44.9
1737110733.0564504,75.2,2.3,44.9
1737110734.0565562,75.3,2.3,44.9
1737110735.0566294,75.6,2.3,44.9
1737110736.056697,74.8,2.3,44.9
1737110737.0567954,74.6,2.3,44.9
1737110738.0568957,75.3,2.3,44.9
1737110739.0569751,74.9,2.3,44.9
1737110740.0570643,75.3,2.3,44.9
1737110741.0571191,74.5,2.3,44.9
1737110742.0572143,75.2,2.3,44.9
1737110743.0573092,75.3,2.3,44.9
1737110744.0573654,75.2,2.3,44.9
1737110745.057439,75.3,2.3,44.9
1737110746.0575135,74.3,2.3,44.9
1737110747.0576215,75.1,2.3,44.9
1737110748.0576813,74.5,2.3,44.9
1737110749.0577872,75.3,2.3,44.9
1737110750.0578651,75.2,2.3,44.9
1737110751.0579202,75.0,2.3,44.9
1737110752.0580182,74.6,2.3,44.9
1737110753.0581057,75.2,2.3,44.9
1737110754.0581765,75.2,2.3,44.9
1737110755.058251,75.3,2.3,44.9
1737110756.0583026,59.0,2.3,44.9
1737110757.0583885,66.2,2.3,44.9
1737110758.058479,69.6,2.3,44.9
1737110759.058711,70.9,2.3,44.9
1737110760.0587988,70.1,2.3,44.9
1737110761.058798,65.7,2.3,44.9
1737110762.0588732,62.6,2.3,44.9
1737110763.0589693,60.9,2.3,44.9
1737110764.0590522,67.2,2.3,44.9
1737110765.0591407,65.6,2.3,44.9
1737110766.0592096,63.1,2.3,44.9
1737110767.0592673,66.0,2.3,44.9
1737110768.0593512,65.7,2.3,44.9
1737110769.059548,63.9,2.3,44.9
1737110770.0595884,70.0,2.3,44.9
1737110771.0596194,68.4,2.3,44.9
1737110772.0597384,74.4,2.3,44.9
1737110773.059798,73.8,2.3,44.9
1737110774.0598483,75.2,2.3,44.9
1737110775.0599194,75.3,2.3,44.9
1737110776.0600085,74.6,2.3,44.9
1737110777.0600975,75.3,2.3,44.9
1737110778.0601454,75.1,2.3,44.9
1737110779.0602872,74.7,2.3,44.9
1737110780.060367,75.1,2.3,44.9
1737110781.060451,74.8,2.3,44.9
1737110782.0604932,75.1,2.3,44.9
1737110783.0605826,74.5,2.3,44.9
1737110784.0606818,75.2,2.3,44.9
1737110785.0607674,75.3,2.3,44.9
1737110786.0608242,74.7,2.3,44.9
1737110787.060908,74.9,2.3,44.9
1737110788.0610108,74.8,2.3,44.9
1737110789.061083,75.5,2.3,44.9
1737110790.061179,74.1,2.3,44.9
1737110791.0612497,75.0,2.3,44.9
1737110792.0613594,75.1,2.3,44.9
1737110793.0614274,74.8,2.3,44.9
1737110794.0615044,75.5,2.3,44.9
1737110795.0615926,74.3,2.3,44.9
1737110796.0616941,75.1,2.3,44.9
1737110797.0617614,75.0,2.3,44.9
1737110798.0618465,73.5,2.3,44.9
1737110799.0619488,75.3,2.3,44.9
1737110800.062028,74.1,2.3,44.9
1737110801.0621111,75.3,2.3,44.9
1737110802.0621967,74.5,2.3,44.9
1737110803.0623143,75.3,2.3,44.9
1737110804.0623708,74.9,2.3,44.9
1737110805.0624528,75.2,2.3,44.9
1737110806.062515,74.9,2.3,44.9
1737110807.0626063,74.3,2.3,44.9
1737110808.0626707,75.2,2.3,44.9
1737110809.0627837,75.1,2.3,44.9
1737110810.0628507,75.2,2.3,44.9
1737110811.0629454,74.7,2.3,44.9
1737110812.0629823,74.8,2.3,44.9
1737110813.0631151,75.2,2.3,44.9
1737110814.063205,74.6,2.3,44.9
1737110815.0632987,70.1,2.3,44.9
1737110816.0634158,75.0,2.3,44.9
1737110817.0634875,75.2,2.3,44.9
1737110818.0635796,75.3,2.3,44.9
1737110819.0636659,74.6,2.3,44.9
1737110820.0637386,75.0,2.3,44.9
1737110821.063772,74.4,2.3,44.9
1737110822.0638425,75.2,2.3,44.9
1737110823.0639405,74.6,2.3,44.9
1737110824.0639992,74.4,2.3,44.9
1737110825.0641243,71.2,2.3,44.9
1737110826.0642111,73.5,2.3,44.9
1737110827.0642798,75.3,2.3,44.9
1737110828.0643532,75.2,2.3,44.9
1737110829.0644338,71.1,2.3,44.9
1737110830.0645332,74.8,2.3,44.9
1737110831.0646229,75.2,2.3,44.9
1737110832.064702,74.8,2.3,44.9
1737110833.0648448,74.7,2.3,44.9
1737110834.0648587,75.2,2.3,44.9
1737110835.0649273,74.9,2.3,44.9
1737110836.0650003,75.2,2.3,44.9
1737110837.0650978,75.1,2.3,44.9
1737110838.0651586,75.2,2.3,44.9
1737110839.065242,75.3,2.3,44.9
1737110840.0653722,74.6,2.3,44.9
1737110841.0654438,75.1,2.3,44.9
1737110842.0655215,74.0,2.3,44.9
1737110843.0656044,75.5,2.3,44.9
1737110844.065689,74.1,2.3,44.9
1737110845.0657792,75.1,2.3,44.9
1737110846.0658634,75.3,2.3,44.9
1737110847.065953,74.9,2.3,44.9
1737110848.0660355,75.4,2.3,44.9
1737110849.066171,75.2,2.3,44.9
1737110850.066207,73.6,2.3,44.9
1737110851.0662985,73.4,2.3,44.9
1737110852.066384,73.8,2.3,44.9
1737110853.0664623,74.1,2.3,44.9
1737110854.066544,75.0,2.3,44.9
1737110855.066634,75.6,2.3,44.9
1737110856.0667264,75.3,2.3,44.9
1737110857.0668015,75.4,2.3,44.9
1737110858.0668595,74.8,2.3,44.9
1737110859.0669572,74.7,2.3,44.9
1737110860.0671053,75.0,2.3,44.9
1737110861.0671542,75.3,2.3,44.9
1737110862.0672266,75.2,2.3,44.9
1737110863.0673916,75.2,2.3,44.9
1737110864.0673916,75.1,2.3,44.9
1737110865.0674508,75.1,2.3,44.9
1737110866.0675392,75.5,2.3,44.9
1737110867.0676281,75.4,2.3,44.9
1737110868.0677094,74.4,2.3,44.9
1737110869.067773,75.4,2.3,44.9
1737110870.0679135,75.0,2.3,44.9
1737110871.0679781,74.8,2.3,44.9
1737110872.068051,75.4,2.3,44.9
1737110873.0681076,75.6,2.3,44.9
1737110874.068183,75.1,2.3,44.9
1737110875.0682704,74.7,2.3,44.9
1737110876.0683382,75.1,2.3,44.9
1737110877.0684414,75.1,2.3,44.9
1737110878.0685225,75.1,2.3,44.9
1737110879.068608,74.7,2.3,44.9
1737110880.0687292,75.4,2.3,44.9
1737110881.0687811,75.1,2.3,44.9
1737110882.0688596,74.4,2.3,44.9
1737110883.068936,75.4,2.3,44.9
1737110884.0689929,74.9,2.3,44.9
1737110885.069077,74.4,2.3,44.9
1737110886.0692253,75.1,2.3,44.9
1737110887.0693564,74.9,2.3,44.9
1737110888.0693774,75.5,2.3,44.9
1737110889.0694432,75.3,2.3,44.9
1737110890.0695083,74.9,2.3,44.9
1737110891.069605,75.4,2.3,44.9
1737110892.0696933,74.4,2.3,44.9
1737110893.069773,75.1,2.3,44.9
1737110894.069832,75.1,2.3,44.9
1737110895.0699193,70.2,2.3,44.9
1737110896.0700426,18.5,2.3,44.9
1737110897.0701382,39.5,2.3,44.9
1737110898.0702,75.5,2.3,44.9
1737110899.0702538,73.9,2.3,44.9
1737110900.070355,74.7,2.3,44.9
1737110901.0706306,74.8,2.3,44.9
1737110902.0705621,74.7,2.3,44.9
1737110903.0705934,75.3,2.3,44.9
1737110904.0707147,73.8,2.3,44.9
1737110905.070806,75.3,2.3,44.9
1737110906.0708792,74.6,2.3,44.9
1737110907.0709624,75.2,2.3,44.9
1737110908.0710576,75.1,2.3,44.9
1737110909.071136,74.8,2.3,44.9
1737110910.0711906,75.2,2.3,44.9
1737110911.0713046,74.9,2.3,44.9
1737110912.0713897,75.2,2.3,44.9
1737110913.0714624,75.1,2.3,44.9
1737110914.071551,75.3,2.3,44.9
1737110915.0716798,75.6,2.3,44.9
1737110916.0717394,75.1,2.3,44.9
1737110917.0718172,74.9,2.3,44.9
1737110918.0718338,75.1,2.3,44.9
1737110919.0719552,75.3,2.3,44.9
1737110920.072047,74.3,2.3,44.9
1737110921.0721319,75.4,2.3,44.9
1737110922.0722194,75.2,2.3,44.9
1737110923.0723968,75.1,2.3,44.9
1737110924.0723982,75.1,2.3,44.9
1737110925.0724635,75.4,2.3,44.9
1737110926.072538,74.6,2.3,44.9
1737110927.0726483,75.2,2.3,44.9
1737110928.0727181,74.9,2.3,44.9
1737110929.0728161,75.4,2.3,44.9
1737110930.0729659,75.1,2.3,44.9
1737110931.0729952,75.1,2.3,44.9
1737110932.0730655,75.3,2.3,44.9
1737110933.0731595,75.2,2.3,44.9
1737110934.0732226,75.1,2.3,44.9
1737110935.0733232,74.9,2.3,44.9
1737110936.0733776,75.3,2.3,44.9
1737110937.0735142,75.1,2.3,44.9
1737110938.0735917,75.3,2.3,44.9
1737110939.0736766,74.9,2.3,44.9
1737110940.0737648,75.2,2.3,44.9
1737110941.0738468,74.3,2.3,44.9
1737110942.0738542,74.7,2.3,44.9
1737110943.0740044,75.3,2.3,44.9
1737110944.0740106,74.3,2.3,44.9
1737110945.0741599,75.3,2.3,44.9
1737110946.074242,75.1,2.3,44.9
1737110947.0743504,74.5,2.3,44.9
1737110948.0744324,75.3,2.3,44.9
1737110949.0745296,74.9,2.3,44.9
1737110950.0745997,70.1,2.3,44.9
1737110951.0746875,74.8,2.3,44.9
1737110952.074773,74.0,2.3,44.9
1737110953.0748656,74.1,2.3,44.9
1737110954.0749404,74.3,2.3,44.9
1737110955.0750604,75.1,2.3,44.9
1737110956.0751147,73.9,2.3,44.9
1737110957.0751963,75.6,2.3,44.9
1737110958.0752718,75.1,2.3,44.9
1737110959.075375,75.1,2.3,44.9
1737110960.0754535,75.4,2.3,44.9
1737110961.0755541,74.0,2.3,44.9
1737110962.0755954,75.4,2.3,44.9
1737110963.0757911,75.4,2.3,44.9
1737110964.0757976,75.1,2.3,44.9
1737110965.0758665,74.8,2.3,44.9
1737110966.0759244,75.3,2.3,44.9
1737110967.0760422,74.9,2.3,44.9
1737110968.0762773,74.8,2.3,44.9
1737110969.0763938,74.4,2.3,44.9
1737110970.076514,74.5,2.3,44.9
1737110971.07665,75.2,2.3,44.9
1737110972.0766943,75.4,2.3,44.9
1737110973.0768385,75.1,2.3,44.9
1737110974.0768752,74.8,2.3,44.9
1737110975.0770128,75.0,2.3,44.9
1737110976.077121,74.5,2.3,44.9
1737110977.077302,74.8,2.3,44.9
1737110978.0774062,75.3,2.3,44.9
1737110979.0774407,75.4,2.3,44.9
1737110980.0775054,75.3,2.3,44.9
1737110981.0778348,75.3,2.3,44.9
1737110982.07793,75.1,2.3,44.9
1737110983.0780573,75.4,2.3,44.9
1737110984.0780687,75.1,2.3,44.9
1737110985.0782404,74.9,2.3,44.9
1737110986.0783572,75.3,2.3,44.9
1737110987.0785153,74.9,2.3,44.9
1737110988.078841,75.4,2.3,44.9
1737110989.0787108,75.1,2.3,44.9
1737110990.0827203,74.6,2.3,44.9
1737110991.0828595,75.3,2.3,44.9
1737110992.0829496,75.3,2.3,44.9
1737110993.0830703,75.1,2.3,44.9
1737110994.0831482,75.1,2.3,44.9
1737110995.083337,75.2,2.3,44.9
1737110996.0834284,74.9,2.3,44.9
1737110997.0835009,75.2,2.3,44.9
1737110998.0837204,75.4,2.3,44.9
1737110999.083818,75.1,2.3,44.9
1737111000.0838842,75.3,2.3,44.9
1737111001.0840425,75.0,2.3,44.9
1737111002.0841749,75.5,2.3,44.9
1737111003.0842485,75.1,2.3,44.9
1737111004.0843563,75.3,2.3,44.9
1737111005.084487,74.7,2.3,44.9
1737111006.0845711,74.6,2.3,44.9
1737111007.0849478,75.3,2.3,44.9
1737111008.0848272,73.2,2.3,44.9
1737111009.0849211,74.8,2.3,44.9
1737111010.0850189,75.2,2.3,44.9
1737111011.085578,75.2,2.3,44.9
1737111012.0867813,74.3,2.3,44.9
1737111013.0868561,74.5,2.3,44.9
1737111014.0869775,75.2,2.3,44.9
1737111015.08717,74.8,2.3,44.9
1737111016.087257,74.6,2.3,44.9
1737111017.089022,75.3,2.3,44.9
1737111018.0891223,74.8,2.3,44.9
1737111019.0896463,75.1,2.3,44.9
1737111020.0893812,75.3,2.3,44.9
1737111021.0895078,73.6,2.3,44.9
1737111022.0896127,75.3,2.3,44.9
1737111023.0897233,75.5,2.3,44.9
1737111024.0898042,74.5,2.3,44.9
1737111025.0899184,75.1,2.3,44.9
1737111026.090031,75.2,2.3,44.9
1737111027.0901315,75.1,2.3,44.9
1737111028.090386,75.1,2.3,44.9
1737111029.0903988,74.6,2.3,44.9
1737111030.0906355,74.3,2.3,44.9
1737111031.0906644,75.0,2.3,44.9
1737111032.090614,75.3,2.3,44.9
1737111033.0906942,74.6,2.3,44.9
1737111034.0908213,74.5,2.3,44.9
1737111035.0909739,75.1,2.3,44.9
1737111036.0910108,74.8,2.3,44.9
1737111037.0910974,72.7,2.3,44.9
1737111038.0912008,74.8,2.3,44.9
1737111039.0912812,74.8,2.3,44.9
1737111040.0914495,74.6,2.3,44.9
1737111041.0915015,74.0,2.3,44.9
1737111042.0917087,75.4,2.3,44.9
1737111043.0917187,74.8,2.3,44.9
1737111044.0918932,74.9,2.3,44.9
1737111045.0919678,74.9,2.3,44.9
1737111046.0921092,74.3,2.3,44.9
1737111047.0920897,74.6,2.3,44.9
1737111048.0921698,74.8,2.3,44.9
1737111049.092267,74.7,2.3,44.9
1737111050.0923483,74.1,2.3,44.9
1737111051.0924408,74.4,2.3,44.9
1737111052.0925229,75.2,2.3,44.9
1737111053.0926173,74.1,2.3,44.9
1737111054.093299,74.8,2.3,44.9
1737111055.0932894,74.3,2.3,44.9
1737111056.0933874,75.1,2.3,44.9
1737111057.0935562,75.3,2.3,44.9
1737111058.0942824,74.4,2.3,44.9
1737111059.0943716,74.8,2.3,44.9
1737111060.0945592,74.7,2.3,44.9
1737111061.094577,74.8,2.3,44.9
1737111062.094669,74.2,2.3,44.9
1737111063.0947886,75.2,2.3,44.9
1737111064.0948718,75.3,2.3,44.9
1737111065.0950198,74.3,2.3,44.9
1737111066.0950809,74.3,2.3,44.9
1737111067.095142,73.5,2.3,44.9
1737111068.0952725,74.3,2.3,44.9
1737111069.095424,74.6,2.3,44.9
1737111070.0956726,74.7,2.3,44.9
1737111071.095678,75.3,2.3,44.9
1737111072.0957298,74.1,2.3,44.9
1737111073.0961986,74.9,2.3,44.9
1737111074.0960503,75.1,2.3,44.9
1737111075.0961375,75.1,2.3,44.9
1737111076.0962863,74.3,2.3,44.9
1737111077.0963225,74.1,2.3,44.9
1737111078.0964952,74.3,2.3,44.9
1737111079.09652,74.4,2.3,44.9
1737111080.0965626,74.9,2.3,44.9
1737111081.0966907,74.7,2.3,44.9
1737111082.0967774,75.2,2.3,44.9
1737111083.0969288,75.1,2.3,44.9
1737111084.0969653,74.7,2.3,44.9
1737111085.0971317,75.3,2.3,44.9
1737111086.097136,74.7,2.3,44.9
1737111087.0972373,74.8,2.3,44.9
1737111088.0973394,74.6,2.3,44.9
1737111089.0974185,74.5,2.3,44.9
1737111090.0975153,75.3,2.3,44.9
1737111091.097674,72.3,2.3,44.9
1737111092.0977688,75.4,2.3,44.9
1737111093.0978007,74.7,2.3,44.9
1737111094.097956,74.8,2.3,44.9
1737111095.0979998,74.8,2.3,44.9
1737111096.0980752,74.8,2.3,44.9
1737111097.098205,75.2,2.3,44.9
1737111098.0983777,75.3,2.3,44.9
1737111099.098477,74.4,2.3,44.9
1737111100.098458,74.6,2.3,44.9
1737111101.0985894,74.7,2.3,44.9
1737111102.0986738,74.7,2.3,44.9
1737111103.0987842,75.1,2.3,44.9
1737111104.0989497,74.6,2.3,44.9
1737111105.098977,74.6,2.3,44.9
1737111106.099064,74.9,2.3,44.9
1737111107.0993352,73.5,2.3,44.9
1737111108.0993261,72.6,2.3,44.9
1737111109.0994549,0.0,2.3,44.9
1737111110.0995672,30.0,2.3,44.9
1737111111.0995996,74.8,2.4,44.9
1737111112.0996783,75.3,2.3,44.9
1737111113.099764,74.3,2.3,44.9
1737111114.0998201,74.9,2.3,44.9
1737111115.0999634,74.9,2.3,44.9
1737111116.1000557,73.2,2.3,44.9
1737111117.1001043,75.4,2.3,44.9
1737111118.100196,74.4,2.3,44.9
1737111119.1002553,74.8,2.3,44.9
1737111120.10032,74.4,2.3,44.9
1737111121.1004388,73.9,2.3,44.9
1737111122.1005535,75.5,2.3,44.9
1737111123.1006696,74.2,2.4,44.9
1737111124.1007125,75.1,2.4,44.9
1737111125.1007965,73.1,2.4,44.9
1737111126.1009352,75.3,2.4,44.9
1737111127.1009915,74.6,2.4,44.9
1737111128.1011205,74.6,2.3,44.9
1737111129.1012304,74.7,2.3,44.9
1737111130.1013224,74.7,2.4,44.9
1737111131.101405,74.9,2.4,44.9
1737111132.1017013,74.8,2.4,44.9
1737111133.1016235,75.3,2.4,44.9
1737111134.1018379,74.3,2.4,44.9
1737111135.101874,74.9,2.4,44.9
1737111136.1019082,74.6,2.4,44.9
1737111137.1020257,74.1,2.4,44.9
1737111138.10212,74.6,2.4,44.9
1737111139.1021936,74.7,2.4,44.9
1737111140.1022835,74.9,2.4,44.9
1737111141.1023984,75.0,2.4,44.9
1737111142.1025088,74.9,2.4,44.9
1737111143.102673,75.3,2.4,44.9
1737111144.1027038,74.6,2.4,44.9
1737111145.1028078,74.1,2.4,44.9
1737111146.1029103,75.0,2.4,44.9
1737111147.1035936,75.3,2.4,44.9
1737111148.1033475,74.6,2.4,44.9
1737111149.1033854,74.8,2.4,44.9
1737111150.1034853,74.6,2.4,44.9
1737111151.103644,74.6,2.4,44.9
1737111152.103686,75.6,2.4,44.9
1737111153.1037796,74.6,2.4,44.9
1737111154.1038828,74.6,2.4,44.9
1737111155.1039855,74.7,2.4,44.9
1737111156.104121,73.5,2.4,44.9
1737111157.1042535,73.8,2.4,44.9
1737111158.1045537,74.8,2.4,44.9
1737111159.1043704,74.1,2.4,44.9
1737111160.1044188,68.6,2.4,44.9
1737111161.104602,73.6,2.4,44.9
1737111162.1046429,74.3,2.4,44.9
1737111163.1048186,74.9,2.4,44.9
1737111164.1048644,74.6,2.4,44.9
1737111165.1049826,74.5,2.4,44.9
1737111166.1050699,74.1,2.4,44.9
1737111167.1051552,75.1,2.4,44.9
1737111168.1053815,74.5,2.4,44.9
1737111169.105415,74.5,2.4,44.9
1737111170.1054654,74.6,2.4,44.9
1737111171.1055536,75.2,2.4,44.9
1737111172.1056435,74.5,2.4,44.9
1737111173.1057312,74.3,2.4,44.9
1737111174.105835,74.6,2.4,44.9
1737111175.10593,75.1,2.4,44.9
1737111176.106028,75.2,2.4,44.9
1737111177.1061835,71.8,2.4,44.9
1737111178.1063054,75.3,2.4,44.9
1737111179.1063166,74.7,2.4,44.9
1737111180.1063588,74.4,2.4,44.9
1737111181.1064913,74.8,2.4,44.9
1737111182.10657,74.2,2.4,44.9
1737111183.1066706,75.1,2.4,44.9
1737111184.1067743,73.3,2.4,44.9
1737111185.1068723,75.3,2.4,44.9
1737111186.1069558,74.4,2.4,44.9
1737111187.1070712,75.1,2.4,44.9
1737111188.1072202,74.4,2.4,44.9
1737111189.1073263,74.8,2.4,44.9
1737111190.1073632,75.3,2.4,44.9
1737111191.1074617,74.3,2.4,44.9
1737111192.1075537,74.8,2.4,44.9
1737111193.107653,75.1,2.4,44.9
1737111194.107733,75.2,2.4,44.9
1737111195.109501,75.0,2.4,44.9
1737111196.1078937,73.7,2.4,44.9
1737111197.1080625,75.1,2.4,44.9
1737111198.1082063,74.8,2.4,44.9
1737111199.1082149,75.1,2.4,44.9
1737111200.1082532,73.2,2.4,44.9
1737111201.1083794,74.9,2.4,44.9
1737111202.1084824,75.2,2.4,44.9
1737111203.1085794,74.1,2.4,44.9
1737111204.1086633,74.1,2.4,44.9
1737111205.1088545,74.4,2.4,44.9
1737111206.1088781,73.8,2.4,44.9
1737111207.1089642,74.5,2.4,44.9
1737111208.1090539,75.2,2.4,44.9
1737111209.1091614,74.3,2.4,44.9
1737111210.109261,74.9,2.4,44.9
1737111211.1094017,74.5,2.4,44.9
1737111212.1094503,74.8,2.4,44.9
1737111213.1095512,74.5,2.4,44.9
1737111214.109625,74.3,2.4,44.9
1737111215.1097167,75.5,2.4,44.9
1737111216.1098168,74.0,2.4,44.9
1737111217.1100698,74.6,2.4,44.9
1737111218.1101723,75.3,2.4,44.9
1737111219.1108472,74.8,2.4,44.9
1737111220.1104414,74.7,2.4,44.9
1737111221.1105406,74.5,2.4,44.9
1737111222.1105652,73.1,2.4,44.9
1737111223.110667,74.6,2.4,44.9
1737111224.1107595,74.6,2.4,44.9
1737111225.110898,72.6,2.4,44.9
1737111226.111025,74.8,2.4,44.9
1737111227.11112,75.2,2.4,44.9
1737111228.1111484,74.4,2.4,44.9
1737111229.1112492,73.8,2.4,44.9
1737111230.1113439,74.9,2.4,44.9
1737111231.1114345,74.1,2.4,44.9
1737111232.1115108,75.2,2.4,44.9
1737111233.1116211,74.2,2.4,44.9
1737111234.1117642,75.2,2.4,44.9
1737111235.1118267,75.1,2.4,44.9
1737111236.1118867,74.6,2.4,44.9
1737111237.1119864,75.3,2.4,44.9
1737111238.112099,74.6,2.4,44.9
1737111239.1121902,74.7,2.4,44.9
1737111240.1122382,74.1,2.4,44.9
1737111241.1123595,75.1,2.4,44.9
1737111242.112434,74.6,2.4,44.9
1737111243.1125484,73.8,2.4,44.9
1737111244.1127205,74.9,2.4,44.9
1737111245.1127582,73.3,2.4,44.9
1737111246.1128855,75.3,2.4,44.9
1737111247.1129272,74.5,2.4,44.9
1737111248.1135964,75.3,2.4,44.9
1737111249.113631,74.1,2.4,44.9
1737111250.113735,75.2,2.4,44.9
1737111251.1138222,74.1,2.4,44.9
1737111252.1139152,74.0,2.4,44.9
1737111253.1140244,75.4,2.4,44.9
1737111254.1142933,74.3,2.4,44.9
1737111255.1143234,74.4,2.4,44.9
1737111256.1143072,64.8,2.4,44.9
1737111257.1144028,69.9,2.4,44.9
1737111258.1144972,49.9,2.4,44.9
1737111259.1145823,56.6,2.4,44.9
1737111260.1146252,58.9,2.4,44.9
1737111261.1147459,71.1,2.4,44.9
1737111262.1148124,73.9,2.4,44.9
1737111263.114954,74.4,2.4,44.9
1737111264.1150193,73.6,2.4,44.9
1737111265.1151416,73.5,2.4,44.9
1737111266.1151757,71.1,2.4,44.9
1737111267.1152432,73.7,2.4,44.9
1737111268.115362,71.3,2.4,44.9
1737111269.1154401,74.0,2.4,44.9
1737111270.115531,74.2,2.4,44.9
1737111271.115635,70.1,2.4,44.9
1737111272.1157236,73.0,2.4,44.9
1737111273.1157813,74.9,2.4,44.9
1737111274.1159112,74.4,2.4,44.9
1737111275.1159544,75.2,2.4,44.9
1737111276.116065,74.4,2.4,44.9
1737111277.116163,69.1,2.4,44.9
1737111278.1162717,74.5,2.4,44.9
1737111279.1164458,74.2,2.4,44.9
1737111280.1164389,75.2,2.4,44.9
1737111281.116583,74.6,2.4,44.9
1737111282.1167753,74.9,2.4,44.9
1737111283.116789,74.6,2.4,44.9
1737111284.11687,74.5,2.4,44.9
1737111285.1170707,75.1,2.4,44.9
1737111286.1171234,74.5,2.4,44.9
1737111287.1171575,75.3,2.4,44.9
1737111288.1172397,74.7,2.4,44.9
1737111289.117341,74.1,2.4,44.9
1737111290.1174765,74.6,2.4,44.9
1737111291.1175356,74.2,2.4,44.9
1737111292.1176143,75.1,2.4,44.9
1737111293.1177194,74.8,2.4,44.9
1737111294.1178763,74.7,2.4,44.9
1737111295.117916,75.2,2.4,44.9
1737111296.1180825,74.3,2.4,44.9
1737111297.1181045,75.1,2.4,44.9
1737111298.118199,73.8,2.4,44.9
1737111299.1182806,75.3,2.4,44.9
1737111300.1183295,73.6,2.4,44.9
1737111301.118516,75.2,2.4,44.9
1737111302.118756,74.8,2.4,44.9
1737111303.1188762,73.8,2.4,44.9
1737111304.1190789,75.2,2.4,44.9
1737111305.1192327,74.8,2.4,44.9
1737111306.1193419,74.6,2.4,44.9
1737111307.1194384,75.2,2.4,44.9
1737111308.11959,75.4,2.4,44.9
1737111309.119678,75.6,2.4,44.9
1737111310.1199286,75.1,2.4,44.9
1737111311.1198933,74.8,2.4,44.9
1737111312.1200004,74.3,2.4,44.9
1737111313.120127,75.2,2.4,44.9
1737111314.120233,75.1,2.4,44.9
1737111315.1204185,73.4,2.4,44.9
1737111316.1205237,75.4,2.4,44.9
1737111317.1206517,74.6,2.4,44.9
1737111318.1207757,74.9,2.4,44.9
1737111319.120863,74.9,2.4,44.9
1737111320.120909,74.6,2.4,44.9
1737111321.1210356,74.4,2.4,44.9
1737111322.1212437,74.1,2.4,44.9
1737111323.121271,75.6,2.4,44.9
1737111324.1213791,74.3,2.4,44.9
1737111325.1214278,74.6,2.4,44.9
1737111326.1215203,74.4,2.4,44.9
1737111327.121561,74.1,2.4,44.9
1737111328.1217084,74.1,2.4,44.9
1737111329.121836,75.0,2.4,44.9
1737111330.1220026,74.7,2.4,44.9
1737111331.1221,73.7,2.4,44.9
1737111332.1222396,75.3,2.4,44.9
1737111333.1225905,74.8,2.4,44.9
1737111334.1226814,75.0,2.4,44.9
1737111335.1227653,75.4,2.4,44.9
1737111336.1228738,74.4,2.4,44.9
1737111337.1230683,75.2,2.4,44.9
1737111338.123146,74.3,2.4,44.9
1737111339.1232567,75.5,2.4,44.9
1737111340.1233454,74.8,2.4,44.9
1737111341.1235719,75.1,2.4,44.9
1737111342.1236627,74.6,2.4,44.9
1737111343.1237805,75.4,2.4,44.9
1737111344.1237855,75.2,2.4,44.9
1737111345.1239212,73.9,2.4,44.9
1737111346.1240761,75.1,2.4,44.9
1737111347.1252458,75.1,2.4,44.9
1737111348.1253827,74.2,2.4,44.9
1737111349.1255965,75.4,2.4,44.9
1737111350.1255987,74.2,2.4,44.9
1737111351.1256804,74.6,2.4,44.9
1737111352.125825,74.9,2.4,44.9
1737111353.1258242,74.7,2.4,44.9
1737111354.1260347,74.6,2.4,44.9
1737111355.1261306,74.5,2.4,44.9
1737111356.1263103,74.8,2.4,44.9
1737111357.1264021,75.1,2.4,44.9
1737111358.1264148,75.1,2.4,44.9
1737111359.1265357,74.3,2.4,44.9
1737111360.1266432,74.8,2.4,44.9
1737111361.1266587,74.4,2.4,44.9
1737111362.1290476,74.8,2.4,44.9
1737111363.1282642,75.2,2.4,44.9
1737111364.128376,73.8,2.4,44.9
1737111365.12847,75.0,2.4,44.9
1737111366.1285324,73.6,2.4,44.9
1737111367.1286783,74.3,2.4,44.9
1737111368.128792,75.1,2.4,44.9
1737111369.128919,74.9,2.4,44.9
1737111370.1302567,74.6,2.4,44.9
1737111371.1301239,74.5,2.4,44.9
1737111372.1301556,74.4,2.4,44.9
1737111373.1302927,74.7,2.4,44.9
1737111374.1304104,74.5,2.4,44.9
1737111375.1305265,74.3,2.4,44.9
1737111376.1306262,74.0,2.4,44.9
1737111377.1307404,75.3,2.4,44.9
1737111378.1309092,74.8,2.4,44.9
1737111379.1309338,74.6,2.4,44.9
1737111380.1310961,74.6,2.4,44.9
1737111381.1312234,74.7,2.4,44.9
1737111382.1313307,75.3,2.4,44.9
1737111383.1314764,73.6,2.4,44.9
1737111384.1315897,75.6,2.4,44.9
1737111385.1316571,75.1,2.4,44.9
1737111386.1321468,74.0,2.4,44.9
1737111387.1321125,75.3,2.4,44.9
1737111388.132122,73.9,2.4,44.9
1737111389.1323247,72.0,2.4,44.9
1737111390.1324127,74.1,2.4,44.9
1737111391.1325269,75.4,2.4,44.9
1737111392.1326425,74.9,2.4,44.9
1737111393.1326785,68.8,2.4,44.9
1737111394.1327908,74.8,2.4,44.9
1737111395.1329675,73.4,2.4,44.9
1737111396.1330583,75.0,2.4,44.9
1737111397.1332228,73.8,2.4,44.9
1737111398.1333578,74.3,2.4,44.9
1737111399.1334295,74.1,2.4,44.9
1737111400.1339824,74.7,2.4,44.9
1737111401.1343563,74.6,2.4,44.9
1737111402.1344712,74.9,2.4,44.9
1737111403.1345513,74.5,2.4,44.9
1737111404.1345758,74.9,2.4,44.9
1737111405.1347415,75.0,2.4,44.9
1737111406.1348505,75.0,2.4,44.9
1737111407.1349838,75.3,2.4,44.9
1737111408.1350954,74.3,2.4,44.9
1737111409.1352081,74.3,2.4,44.9
1737111410.1353307,75.2,2.4,44.9
1737111411.1355367,73.4,2.4,44.9
1737111412.135593,74.6,2.4,44.9
1737111413.1357245,75.1,2.4,44.9
1737111414.1358073,73.8,2.4,44.9
1737111415.135965,74.3,2.4,44.9
1737111416.1359465,69.8,2.4,44.9
1737111417.1360931,70.1,2.4,44.9
1737111418.1362534,74.8,2.4,44.9
1737111419.1363642,75.2,2.4,44.9
1737111420.1364567,75.3,2.4,44.9
1737111421.1364906,74.7,2.4,44.9
1737111422.1366136,74.0,2.4,44.9
1737111423.1366367,74.8,2.4,44.9
1737111424.1367252,73.8,2.4,44.9
1737111425.1368673,75.3,2.4,44.9
1737111426.136957,75.1,2.4,44.9
1737111427.137074,75.2,2.4,44.9
1737111428.1371882,74.6,2.4,44.9
1737111429.1372392,74.1,2.4,44.9
1737111430.1373122,75.0,2.4,44.9
1737111431.13746,74.0,2.4,44.9
1737111432.1375887,75.0,2.4,44.9
1737111433.1376824,74.6,2.4,44.9
1737111434.1377747,74.5,2.4,44.9
1737111435.1379242,74.8,2.4,44.9
1737111436.137952,75.1,2.4,44.9
1737111437.1380847,74.7,2.4,44.9
1737111438.1381626,74.8,2.4,44.9
1737111439.138249,74.6,2.4,44.9
1737111440.1382625,74.6,2.4,44.9
1737111441.1384044,74.8,2.4,44.9
1737111442.1384802,75.1,2.4,44.9
1737111443.138552,74.6,2.4,44.9
1737111444.1387398,74.8,2.4,44.9
1737111445.1387656,74.8,2.4,44.9
1737111446.1388452,75.1,2.4,44.9
1737111447.13901,74.6,2.4,44.9
1737111448.1390264,73.6,2.4,44.9
1737111449.1391225,74.7,2.4,44.9
1737111450.1392412,73.9,2.4,44.9
1737111451.1393423,74.7,2.4,44.9
1737111452.1395133,74.4,2.4,44.9
1737111453.1396663,74.3,2.4,44.9
1737111454.1396935,74.9,2.4,44.9
1737111455.139787,74.3,2.4,44.9
1737111456.1398778,75.3,2.4,44.9
1737111457.1399632,73.7,2.4,44.9
1737111458.140057,74.8,2.4,44.9
1737111459.1402738,72.9,2.4,44.9
1737111460.1402783,74.7,2.4,44.9
1737111461.1403997,74.5,2.4,44.9
1737111462.140506,75.0,2.4,44.9
1737111463.1406865,75.3,2.4,44.9
1737111464.140765,74.2,2.4,44.9
1737111465.1407964,74.6,2.4,44.9
1737111466.1409202,73.7,2.4,44.9
1737111467.1409595,74.9,2.4,44.9
1737111468.1411133,74.8,2.4,44.9
1737111469.141191,74.5,2.4,44.9
1737111470.141289,75.4,2.4,44.9
1737111471.1413798,74.4,2.4,44.9
1737111472.1415613,74.6,2.4,44.9
1737111473.141558,74.6,2.4,44.9
1737111474.1416883,74.8,2.4,44.9
1737111475.1417575,74.1,2.4,44.9
1737111476.1418312,74.0,2.4,44.9
1737111477.1419208,75.2,2.4,44.9
1737111478.1421273,74.1,2.4,44.9
1737111479.1421912,75.4,2.4,44.9
1737111480.1422048,73.8,2.4,44.9
1737111481.1423132,75.1,2.4,44.9
1737111482.1424935,75.0,2.4,44.9
1737111483.142521,75.1,2.4,44.9
1737111484.1426077,74.9,2.4,44.9
1737111485.1426399,74.3,2.4,44.9
1737111486.1427865,75.2,2.4,44.9
1737111487.142937,73.1,2.4,44.9
1737111488.142956,74.8,2.4,44.9
1737111489.1430569,74.3,2.4,44.9
1737111490.1431541,74.5,2.4,44.9
1737111491.1432238,74.7,2.4,44.9
1737111492.1433375,74.8,2.4,44.9
1737111493.1435,74.7,2.4,44.9
1737111494.1435301,74.4,2.4,44.9
1737111495.1435907,71.1,2.4,44.9
1737111496.1436465,16.7,2.4,44.9
1737111497.143761,29.9,2.4,44.9
1737111498.143861,74.5,2.4,44.9
1737111499.1439688,74.8,2.4,44.9
1737111500.1440377,74.1,2.4,44.9
1737111501.1441352,74.8,2.4,44.9
1737111502.1441696,74.8,2.4,44.9
1737111503.1442811,75.3,2.4,44.9
1737111504.1443121,74.3,2.4,44.9
1737111505.1444054,74.8,2.4,44.9
1737111506.1444786,75.1,2.4,44.9
1737111507.144562,74.9,2.4,44.9
1737111508.1446383,74.8,2.4,44.9
1737111509.144885,73.9,2.4,44.9
1737111510.1449473,74.5,2.4,44.9
1737111511.1449153,73.8,2.4,44.9
1737111512.1450334,74.2,2.4,44.9
1737111513.1450715,74.4,2.4,44.9
1737111514.145146,73.1,2.4,44.9
1737111515.1452227,74.3,2.4,44.9
1737111516.145318,75.1,2.4,44.9
1737111517.1453917,75.1,2.4,44.9
1737111518.145512,75.3,2.4,44.9
1737111519.145585,74.3,2.4,44.9
1737111520.1456652,75.0,2.4,44.9
1737111521.1457746,74.3,2.4,44.9
1737111522.1458867,75.3,2.4,44.9
1737111523.1458955,74.3,2.4,44.9
1737111524.1459568,75.0,2.4,44.9
1737111525.1460736,73.2,2.4,44.9
1737111526.146164,72.2,2.4,44.9
1737111527.1462488,75.1,2.4,44.9
1737111528.1463594,73.4,2.4,44.9
1737111529.1464324,74.1,2.4,44.9
1737111530.1466265,72.9,2.4,44.9
1737111531.1468058,74.7,2.4,44.9
1737111532.14687,74.4,2.4,44.9
1737111533.1469815,74.1,2.4,44.9
1737111534.1471162,74.6,2.4,44.9
1737111535.147131,73.8,2.4,44.9
1737111536.1471834,75.2,2.4,44.9
1737111537.1472926,74.4,2.4,44.9
1737111538.1473844,73.2,2.4,44.9
1737111539.1474795,74.7,2.4,44.9
1737111540.1475587,74.5,2.4,44.9
1737111541.1476629,74.2,2.4,44.9
1737111542.1477273,73.4,2.4,44.9
1737111543.14827,75.4,2.4,44.9
1737111544.1483965,74.2,2.4,44.9
1737111545.148539,73.8,2.4,44.9
1737111546.1488216,75.0,2.4,44.9
1737111547.148849,73.4,2.4,44.9
1737111548.148902,74.9,2.4,44.9
1737111549.1490479,73.0,2.4,44.9
1737111550.149197,75.3,2.4,44.9
1737111551.149245,74.4,2.4,44.9
1737111552.149411,73.6,2.4,44.9
1737111553.1494734,74.6,2.4,44.9
1737111554.1495123,72.2,2.4,44.9
1737111555.1497362,74.5,2.4,44.9
1737111556.1497746,73.4,2.4,44.9
1737111557.1498678,75.0,2.4,44.9
1737111558.1499238,75.0,2.4,44.9
1737111559.1500793,73.7,2.4,44.9
1737111560.150144,73.5,2.4,44.9
1737111561.1502755,74.5,2.4,44.9
1737111562.1503305,74.7,2.4,44.9
1737111563.1504264,73.6,2.4,44.9
1737111564.1506112,75.2,2.4,44.9
1737111565.1507053,73.1,2.4,44.9
1737111566.1507008,74.4,2.4,44.9
1737111567.150799,73.8,2.4,44.9
1737111568.1509225,74.3,2.4,44.9
1737111569.151011,75.3,2.4,44.9
1737111570.1511056,74.8,2.5,44.9
1737111571.1512148,74.0,2.5,44.9
1737111572.1513164,75.2,2.5,44.9
1737111573.1514235,73.6,2.5,44.9
1737111574.151646,75.4,2.5,44.9
1737111575.1517248,68.9,2.5,44.9
1737111576.1517582,74.8,2.5,44.9
1737111577.1520085,73.7,2.5,44.9
1737111578.1519434,74.0,2.5,44.9
1737111579.152051,74.8,2.5,44.9
1737111580.1520925,72.1,2.5,44.9
1737111581.1522167,75.1,2.5,44.9
1737111582.152548,74.3,2.5,44.9
1737111583.1524262,75.3,2.4,44.9
1737111584.1524987,74.5,2.5,44.9
1737111585.1527221,74.8,2.5,44.9
1737111586.1527526,75.2,2.5,44.9
1737111587.152851,73.3,2.4,44.9
1737111588.1529567,74.4,2.5,44.9
1737111589.1530693,74.3,2.5,44.9
1737111590.153221,69.5,2.5,44.9
1737111591.1532063,75.1,2.5,44.9
1737111592.1533716,73.5,2.5,44.9
1737111593.153465,75.3,2.4,44.9
1737111594.153514,74.5,2.5,44.9
1737111595.1535797,75.1,2.5,44.9
1737111596.153672,74.3,2.5,44.9
1737111597.153781,74.6,2.5,44.9
1737111598.1539261,74.6,2.5,44.9
1737111599.153975,72.8,2.5,44.9
1737111600.154079,75.0,2.5,44.9
1737111601.1541674,74.1,2.5,44.9
1737111602.1543708,72.7,2.5,44.9
1737111603.154382,74.4,2.5,44.9
1737111604.154473,73.7,2.5,44.9
1737111605.1546302,75.1,2.5,44.9
1737111606.1546607,71.1,2.5,44.9
1737111607.1547406,75.1,2.5,44.9
1737111608.1548402,69.6,2.5,44.9
1737111609.1549423,74.1,2.5,44.9
1737111610.1550274,75.0,2.5,44.9
1737111611.1551332,73.8,2.5,44.9
1737111612.155393,75.3,2.5,44.9
1737111613.1554723,74.6,2.5,44.9
1737111614.1554732,75.3,2.5,44.9
1737111615.155603,74.3,2.5,44.9
1737111616.1556964,74.5,2.5,44.9
1737111617.1557853,75.3,2.5,44.9
1737111618.155902,74.4,2.5,44.9
1737111619.1559837,75.4,2.4,44.9
1737111620.1560297,74.6,2.5,44.9
1737111621.156181,74.7,2.5,44.9
1737111622.1562767,74.1,2.5,44.9
1737111623.156363,74.5,2.5,44.9
1737111624.1564534,75.1,2.5,44.9
1737111625.156543,74.4,2.5,44.9
1737111626.156628,74.7,2.5,44.9
1737111627.156778,73.8,2.5,44.9
1737111628.1569383,74.7,2.5,44.9
1737111629.1570203,73.8,2.5,44.9
1737111630.1571453,74.7,2.5,44.9
1737111631.1572473,74.9,2.5,44.9
1737111632.1573248,73.6,2.5,44.9
1737111633.15738,75.1,2.5,44.9
1737111634.1574903,73.9,2.5,44.9
1737111635.157634,74.9,2.5,44.9
1737111636.1576712,75.2,2.5,44.9
1737111637.1577597,73.8,2.5,44.9
1737111638.157842,75.3,2.4,44.9
1737111639.1579435,73.8,2.5,44.9
1737111640.158041,74.4,2.5,44.9
1737111641.1581233,74.1,2.5,44.9
1737111642.1582005,75.3,2.5,44.9
1737111643.1583893,74.6,2.5,44.9
1737111644.1584532,75.0,2.5,44.9
1737111645.1585245,75.0,2.5,44.9
1737111646.158624,74.3,2.5,44.9
1737111647.158723,75.0,2.5,44.9
1737111648.1587749,74.3,2.5,44.9
1737111649.1589541,74.8,2.5,44.9
1737111650.1589837,74.3,2.5,44.9
1737111651.15906,74.4,2.5,44.9
1737111652.1591678,75.4,2.5,44.9
1737111653.159304,74.6,2.5,44.9
1737111654.159343,74.1,2.5,44.9
1737111655.1594636,74.0,2.5,44.9
1737111656.1595826,74.6,2.5,44.9
1737111657.1597204,74.9,2.5,44.9
1737111658.1597579,73.9,2.5,44.9
1737111659.1598454,75.1,2.5,44.9
1737111660.1598725,73.6,2.5,44.9
1737111661.1600225,74.9,2.5,44.9
1737111662.1601083,74.6,2.5,44.9
1737111663.1602123,74.8,2.5,44.9
1737111664.1602817,74.3,2.4,44.9
1737111665.1603808,74.4,2.5,44.9
1737111666.1604793,75.2,2.5,44.9
1737111667.1606674,74.1,2.5,44.9
1737111668.160668,75.0,2.5,44.9
1737111669.1608076,73.8,2.5,44.9
1737111670.1608672,74.4,2.5,44.9
1737111671.1609483,75.5,2.5,44.9
1737111672.161108,74.1,2.5,44.9
1737111673.1611345,73.9,2.5,44.9
1737111674.161341,73.6,2.5,44.9
1737111675.161378,74.2,2.5,44.9
1737111676.161528,73.1,2.5,44.9
1737111677.1615891,74.6,2.5,44.9
1737111678.1617448,73.2,2.5,44.9
1737111679.1619673,73.5,2.5,44.9
1737111680.161906,74.6,2.5,44.9
1737111681.1620736,74.2,2.5,44.9
1737111682.1621146,73.8,2.5,44.9
1737111683.1622329,74.5,2.5,44.9
1737111684.1623154,74.7,2.5,44.9
1737111685.162396,75.0,2.5,44.9
1737111686.1625092,73.8,2.5,44.9
1737111687.1626704,74.3,2.5,44.9
1737111688.1627479,73.8,2.5,44.9
1737111689.162922,74.9,2.5,44.9
1737111690.1629078,73.1,2.5,44.9
1737111691.1630874,74.8,2.4,44.9
1737111692.163091,74.8,2.5,44.9
1737111693.1632047,74.1,2.5,44.9
1737111694.1633043,74.3,2.5,44.9
1737111695.1633923,73.9,2.5,44.9
1737111696.1634724,75.2,2.5,44.9
1737111697.163594,74.8,2.5,44.9
1737111698.1637015,74.7,2.5,44.9
1737111699.1638103,73.9,2.5,44.9
1737111700.1638718,74.9,2.5,44.9
1737111701.164013,75.1,2.5,44.9
1737111702.1641126,74.3,2.5,44.9
1737111703.164264,75.1,2.5,44.9
1737111704.1642923,73.6,2.5,44.9
1737111705.1643975,74.8,2.5,44.9
1737111706.1644826,74.7,2.5,44.9
1737111707.1646218,74.6,2.5,44.9
1737111708.1646764,69.6,2.5,44.9
1737111709.1647744,0.0,2.5,44.9
1737111710.1648583,21.6,2.5,44.9
1737111711.1649668,74.6,2.5,44.9
1737111712.1650422,75.0,2.5,44.9
1737111713.165137,74.8,2.5,44.9
1737111714.165336,74.3,2.5,44.9
1737111715.1653259,74.3,2.5,44.9
1737111716.1654422,72.3,2.5,44.9
1737111717.165517,74.9,2.5,44.9
1737111718.165573,73.8,2.5,44.9
1737111719.1656797,75.0,2.5,44.9
1737111720.165721,74.4,2.5,44.9
1737111721.1658552,72.3,2.5,44.9
1737111722.1659727,74.3,2.5,44.9
1737111723.1660542,74.8,2.5,44.9
1737111724.1661518,74.5,2.5,44.9
1737111725.1662462,74.3,2.5,44.9
1737111726.1663475,75.1,2.5,44.9
1737111727.1664295,74.3,2.5,44.9
1737111728.166528,75.0,2.5,44.9
1737111729.1666203,75.3,2.5,44.9
1737111730.1666958,72.6,2.5,44.9
1737111731.1668444,75.1,2.5,44.9
1737111732.166876,73.6,2.5,44.9
1737111733.166974,74.6,2.5,44.9
1737111734.1670525,74.4,2.5,44.9
1737111735.1671722,74.3,2.5,44.9
1737111736.1672559,75.1,2.5,44.9
1737111737.1673646,74.9,2.5,44.9
1737111738.1674447,75.2,2.5,44.9
1737111739.1675358,73.9,2.5,44.9
1737111740.167634,75.3,2.5,44.9
1737111741.1677825,74.9,2.5,44.9
1737111742.1678512,74.4,2.5,44.9
1737111743.16807,75.1,2.5,44.9
1737111744.1681466,74.4,2.5,44.9
1737111745.1681879,75.3,2.5,44.9
1737111746.1683393,74.0,2.5,44.9
1737111747.168363,74.6,2.5,44.9
1737111748.1685233,74.7,2.5,44.9
1737111749.168552,74.4,2.5,44.9
1737111750.1686466,75.4,2.5,44.9
1737111751.1687284,72.8,2.5,44.9
1737111752.1688251,75.1,2.5,44.9
1737111753.168915,73.9,2.5,44.9
1737111754.1690319,74.7,2.5,44.9
1737111755.1691272,75.2,2.5,44.9
1737111756.169194,74.4,2.5,44.9
1737111757.169334,75.3,2.5,44.9
1737111758.1693926,73.8,2.5,44.9
1737111759.1695213,75.0,2.5,44.9
1737111760.16958,74.4,2.5,44.9
1737111761.169781,75.2,2.5,44.9
1737111762.1699383,74.6,2.5,44.9
1737111763.1703007,74.4,2.5,44.9
1737111764.1703522,74.9,2.5,44.9
1737111765.1704433,74.0,2.5,44.9
1737111766.1705265,75.4,2.5,44.9
1737111767.1706805,73.9,2.5,44.9
1737111768.170707,75.0,2.5,44.9
1737111769.1708157,74.8,2.5,44.9
1737111770.1709647,72.7,2.5,44.9
1737111771.1710548,74.0,2.5,44.9
1737111772.171183,73.6,2.5,44.9
1737111773.171253,73.8,2.5,44.9
1737111774.1712976,73.5,2.5,44.9
1737111775.171377,74.6,2.5,44.9
1737111776.1714675,75.0,2.5,44.9
1737111777.1715884,73.0,2.5,44.9
1737111778.1716404,74.6,2.5,44.9
1737111779.1718464,73.8,2.5,44.9
1737111780.1718483,75.2,2.5,44.9
1737111781.1719627,74.1,2.5,44.9
1737111782.1720607,73.1,2.5,44.9
1737111783.1722105,74.7,2.5,44.9
1737111784.1722255,73.3,2.5,44.9
1737111785.1723347,74.8,2.5,44.9
1737111786.17243,74.3,2.5,44.9
1737111787.172586,74.4,2.5,44.9
1737111788.1726623,75.2,2.5,44.9
1737111789.1727743,74.4,2.5,44.9
1737111790.1728866,75.0,2.5,44.9
1737111791.1729825,73.3,2.4,44.9
1737111792.1730313,75.1,2.5,44.9
1737111793.1731322,74.3,2.5,44.9
1737111794.1732125,74.6,2.5,44.9
1737111795.1733263,74.4,2.5,44.9
1737111796.1734502,74.1,2.5,44.9
1737111797.1735377,74.9,2.5,44.9
1737111798.173635,75.1,2.5,44.9
1737111799.1737196,73.8,2.5,44.9
1737111800.1737769,74.4,2.5,44.9
1737111801.1739635,74.8,2.4,44.9
1737111802.1740606,74.7,2.5,44.9
1737111803.1741009,73.9,2.5,44.9
1737111804.174206,75.2,2.5,44.9
1737111805.174359,74.5,2.5,44.9
1737111806.1745,74.8,2.5,44.9
1737111807.1746457,74.3,2.5,44.9
1737111808.174716,75.0,2.5,44.9
1737111809.174834,75.4,2.5,44.9
1737111810.1749449,74.5,2.4,44.9
1737111811.1750407,75.1,2.5,44.9
1737111812.1752727,74.6,2.5,44.9
1737111813.1753328,74.6,2.5,44.9
1737111814.1840754,75.5,2.5,44.9
1737111815.1756747,73.7,2.5,44.9
1737111816.1757283,74.8,2.4,44.9
1737111817.175898,74.0,2.5,44.9
1737111818.1759162,74.6,2.5,44.9
1737111819.1760697,75.5,2.5,44.9
1737111820.176224,74.4,2.5,44.9
1737111821.1762176,74.5,2.4,44.9
1737111822.1763837,74.8,2.5,44.9
1737111823.1764889,71.9,2.5,44.9
1737111824.176593,74.5,2.5,44.9
1737111825.1766226,74.8,2.5,44.9
1737111826.1768022,74.5,2.5,44.9
1737111827.1769679,72.1,2.5,44.9
1737111828.176999,75.2,2.5,44.9
1737111829.1771066,75.2,2.5,44.9
1737111830.1772194,75.3,2.5,44.9
1737111831.177283,74.7,2.5,44.9
1737111832.1773794,74.1,2.5,44.9
1737111833.177475,73.9,2.5,44.9
1737111834.1775727,74.4,2.5,44.9
1737111835.1776752,74.8,2.5,44.9
1737111836.1777444,74.0,2.5,44.9
1737111837.1779292,74.7,2.5,44.9
1737111838.1779733,73.4,2.5,44.9
1737111839.1780705,73.1,2.5,44.9
1737111840.1781373,74.9,2.5,44.9
1737111841.1782424,73.2,2.5,44.9
1737111842.178334,74.1,2.5,44.9
1737111843.178489,71.1,2.5,44.9
1737111844.178509,74.1,2.4,44.9
1737111845.1786168,73.7,2.4,44.9
1737111846.1786926,73.6,2.5,44.9
1737111847.178801,75.1,2.5,44.9
1737111848.1788647,73.8,2.5,44.9
1737111849.1789563,74.3,2.5,44.9
1737111850.1790683,73.3,2.5,44.9
1737111851.1791677,75.3,2.5,44.9
1737111852.1792495,75.3,2.5,44.9
1737111853.179373,74.3,2.5,44.9
1737111854.1794696,74.9,2.5,44.9
1737111855.1796148,73.9,2.5,44.9
1737111856.1796806,73.6,2.4,44.9
1737111857.17984,75.3,2.4,44.9
1737111858.1798775,74.2,2.4,44.9
1737111859.1799934,74.9,2.5,44.9
1737111860.180035,74.5,2.5,44.9
1737111861.1802115,75.2,2.5,44.9
1737111862.1803925,75.1,2.5,44.9
1737111863.1804395,74.1,2.5,44.9
1737111864.1805387,75.3,2.5,44.9
1737111865.1806984,73.6,2.5,44.9
1737111866.180766,74.0,2.5,44.9
1737111867.1808188,74.4,2.5,44.9
1737111868.1809096,74.3,2.5,44.9
1737111869.1809993,74.0,2.5,44.9
1737111870.181118,73.9,2.5,44.9
1737111871.1812022,75.3,2.5,44.9
1737111872.1812649,74.2,2.5,44.9
1737111873.1813862,74.4,2.5,44.9
1737111874.1814408,73.9,2.5,44.9
1737111875.1815507,74.5,2.5,44.9
1737111876.1816337,74.6,2.5,44.9
1737111877.1816936,74.6,2.5,44.9
1737111878.1817796,74.8,2.5,44.9
1737111879.1818795,74.5,2.5,44.9
1737111880.181951,75.1,2.5,44.9
1737111881.1858373,74.4,2.5,44.9
1737111882.1858962,74.5,2.5,44.9
1737111883.1860812,74.9,2.5,44.9
1737111884.1861446,74.1,2.5,44.9
1737111885.186194,74.2,2.5,44.9
1737111886.1862805,73.6,2.5,44.9
1737111887.1863725,74.5,2.5,44.9
1737111888.1865232,73.6,2.5,44.9
1737111889.1866865,73.8,2.5,44.9
1737111890.1867797,74.0,2.5,44.9
1737111891.1868212,73.8,2.5,44.9
1737111892.1869473,74.8,2.5,44.9
1737111893.1870081,73.7,2.5,44.9
1737111894.1870756,74.8,2.5,44.9
1737111895.187253,75.0,2.5,44.9
1737111896.1881502,73.1,2.5,44.9
1737111897.1882594,74.6,2.5,44.9
1737111898.1883461,73.8,2.5,44.9
1737111899.1883879,75.2,2.5,44.9
1737111900.1884847,74.4,2.5,44.9
1737111901.1885622,74.5,2.5,44.9
1737111902.1886473,74.5,2.5,44.9
1737111903.1887736,73.8,2.5,44.9
1737111904.1889129,74.4,2.5,44.9
1737111905.1890543,74.1,2.5,44.9
1737111906.1890738,74.2,2.5,44.9
1737111907.189161,73.8,2.5,44.9
1737111908.1892533,75.1,2.5,44.9
1737111909.1894507,75.1,2.5,44.9
1737111910.1895256,72.8,2.5,44.9
1737111911.1895711,74.8,2.5,44.9
1737111912.1902287,74.8,2.5,44.9
1737111913.1903176,74.6,2.5,44.9
1737111914.19047,75.3,2.5,44.9
1737111915.1905704,73.6,2.5,44.9
1737111916.19066,74.8,2.5,44.9
1737111917.1907277,74.5,2.5,44.9
1737111918.1908405,74.7,2.5,44.9
1737111919.1909509,73.7,2.5,44.9
1737111920.1910062,74.8,2.5,44.9
1737111921.1910985,74.3,2.5,44.9
1737111922.1913083,74.5,2.5,44.9
1737111923.1916313,74.7,2.5,44.9
1737111924.191543,74.6,2.5,44.9
1737111925.1916733,75.3,2.5,44.9
1737111926.1917288,74.3,2.5,44.9
1737111927.1917763,74.3,2.5,44.9
1737111928.1919253,74.3,2.5,44.9
1737111929.19198,73.1,2.5,44.9
1737111930.1920671,74.7,2.5,44.9
1737111931.1923926,73.9,2.5,44.9
1737111932.19229,75.3,2.5,44.9
1737111933.192384,73.6,2.5,44.9
1737111934.1924903,74.1,2.5,44.9
1737111935.1925685,74.3,2.5,44.9
1737111936.1926556,72.9,2.5,44.9
1737111937.19275,74.6,2.5,44.9
1737111938.1928244,73.8,2.5,44.9
1737111939.1929538,74.3,2.5,44.9
1737111940.192986,75.1,2.5,44.9
1737111941.193127,74.2,2.5,44.9
1737111942.193216,74.1,2.5,44.9
1737111943.1933138,74.2,2.5,44.9
1737111944.193399,74.8,2.5,44.9
1737111945.1934943,74.2,2.5,44.9
1737111946.1935887,74.1,2.5,44.9
1737111947.1936724,74.3,2.5,44.9
1737111948.193779,73.8,2.5,44.9
1737111949.1938803,75.0,2.5,44.9
1737111950.1939867,74.4,2.5,44.9
1737111951.1940582,74.2,2.5,44.9
1737111952.1941688,74.5,2.5,44.9
1737111953.194425,73.4,2.5,44.9
1737111954.1943614,75.3,2.5,44.9
1737111955.1944733,74.1,2.5,44.9
1737111956.1945703,75.0,2.5,44.9
1737111957.194714,73.7,2.5,44.9
1737111958.1947596,74.6,2.5,44.9
1737111959.194848,74.4,2.5,44.9
1737111960.1949058,73.5,2.5,44.9
1737111961.1950343,74.4,2.5,44.9
1737111962.1951125,74.6,2.5,44.9
1737111963.1952355,74.5,2.5,44.9
1737111964.1953197,72.7,2.5,44.9
1737111965.1954644,74.5,2.5,44.9
1737111966.195509,74.3,2.5,44.9
1737111967.1956167,75.4,2.5,44.9
1737111968.1957083,72.4,2.5,44.9
1737111969.1958306,74.0,2.5,44.9
1737111970.1958952,74.6,2.5,44.9
1737111971.195975,75.5,2.5,44.9
1737111972.1962476,74.6,2.5,44.9
1737111973.1962214,74.3,2.5,44.9
1737111974.196297,75.0,2.5,44.9
1737111975.1963866,74.5,2.5,44.9
1737111976.1964881,74.6,2.5,44.9
1737111977.1965902,72.6,2.5,44.9
1737111978.1966636,74.6,2.5,44.9
1737111979.1967616,75.3,2.5,44.9
1737111980.1967888,74.6,2.5,44.9
1737111981.1968763,74.6,2.5,44.9
1737111982.1970727,74.4,2.5,44.9
1737111983.197093,74.5,2.5,44.9
1737111984.1971717,74.6,2.5,44.9
1737111985.1973054,74.4,2.5,44.9
1737111986.1974454,74.7,2.5,44.9
1737111987.1975424,73.6,2.5,44.9
1737111988.1976907,74.5,2.5,44.9
1737111989.1977568,74.1,2.5,44.9
1737111990.1977942,74.1,2.5,44.9
1737111991.1978576,75.1,2.5,44.9
1737111992.1979604,74.3,2.5,44.9
1737111993.1980453,74.3,2.5,44.9
1737111994.1981268,74.2,2.5,44.9
1737111995.198212,73.1,2.5,44.9
1737111996.198322,74.8,2.5,44.9
1737111997.1984136,73.3,2.5,44.9
1737111998.1984453,73.8,2.5,44.9
1737111999.1986675,74.0,2.5,44.9
1737112000.1986413,74.4,2.5,44.9
1737112001.1987574,73.8,2.5,44.9
1737112002.1989267,74.3,2.5,44.9
1737112003.1990144,74.3,2.5,44.9
1737112004.199143,75.0,2.5,44.9
1737112005.1992416,74.0,2.5,44.9
1737112006.1993203,74.6,2.5,44.9
1737112007.1995559,74.8,2.5,44.9
1737112008.1994739,74.7,2.5,44.9
1737112009.1996193,74.1,2.5,44.9
1737112010.199674,74.6,2.5,44.9
1737112011.1997604,74.6,2.5,44.9
1737112012.1998537,74.2,2.5,44.9
1737112013.1999223,75.1,2.5,44.9
1737112014.2000186,74.5,2.5,44.9
1737112015.200101,73.6,2.5,44.9
1737112016.2002327,74.8,2.5,44.9
1737112017.2003708,75.0,2.5,44.9
1737112018.2003791,75.0,2.5,44.9
1737112019.2004647,75.0,2.5,44.9
1737112020.2004564,75.1,2.5,44.9
1737112021.2006059,75.1,2.5,44.9
1737112022.200784,75.2,2.5,44.9
1737112023.2008672,75.1,2.5,44.9
1737112024.2009573,75.1,2.5,44.9
1737112025.2009876,75.0,2.5,44.9
1737112026.2011166,74.4,2.5,44.9
1737112027.201167,74.5,2.5,44.9
1737112028.2012613,74.3,2.5,44.9
1737112029.2014666,73.6,2.5,44.9
1737112030.201566,74.4,2.5,44.9
1737112031.2016072,74.5,2.5,44.9
1737112032.2016926,75.0,2.5,44.9
1737112033.2017784,74.1,2.5,44.9
1737112034.2018764,74.6,2.5,44.9
1737112035.2020292,73.2,2.5,44.9
1737112036.2020433,74.8,2.5,44.9
1737112037.2022078,74.8,2.5,44.9
1737112038.2023172,73.2,2.4,44.9
1737112039.2023504,74.6,2.5,44.9
1737112040.2024822,74.8,2.5,44.9
1737112041.2025235,74.5,2.5,44.9
1737112042.2026033,74.3,2.5,44.9
1737112043.2026951,73.5,2.5,44.9
1737112044.2028263,74.8,2.5,44.9
1737112045.2029088,74.2,2.4,44.9
1737112046.2030406,74.3,2.5,44.9
1737112047.203107,74.0,2.5,44.9
1737112048.2032828,74.6,2.5,44.9
1737112049.2033207,74.3,2.5,44.9
1737112050.2034032,74.5,2.5,44.9
1737112051.203505,74.2,2.5,44.9
1737112052.2036023,74.4,2.5,44.9
1737112053.2037053,73.8,2.5,44.9
1737112054.20384,73.6,2.5,44.9
1737112055.2038863,72.8,2.5,44.9
1737112056.2039618,75.0,2.5,44.9
1737112057.2040596,74.8,2.5,44.9
1737112058.2041533,74.6,2.5,44.9
1737112059.2042942,74.9,2.5,44.9
1737112060.2042801,74.4,2.5,44.9
1737112061.2044091,74.7,2.5,44.9
1737112062.2045217,73.3,2.5,44.9
1737112063.204758,74.8,2.5,44.9
1737112064.2047598,74.8,2.5,44.9
1737112065.2049146,74.6,2.5,44.9
1737112066.2050326,74.6,2.5,44.9
1737112067.2050624,74.8,2.5,44.9
1737112068.2051575,74.1,2.5,44.9
1737112069.2052906,74.3,2.5,44.9
1737112070.2053351,74.1,2.5,44.9
1737112071.2054555,74.6,2.5,44.9
1737112072.205524,73.5,2.5,44.9
1737112073.2056131,75.3,2.5,44.9
1737112074.2057147,73.8,2.5,44.9
1737112075.2057962,75.1,2.5,44.9
1737112076.2059538,74.6,2.5,44.9
1737112077.206018,74.6,2.5,44.9
1737112078.20614,74.5,2.5,44.9
1737112079.206204,73.5,2.5,44.9
1737112080.2062712,74.3,2.5,44.9
1737112081.206337,74.0,2.5,44.9
1737112082.206407,74.4,2.5,44.9
1737112083.2065058,74.1,2.5,44.9
1737112084.2066314,74.7,2.5,44.9
1737112085.206698,75.3,2.5,44.9
1737112086.20682,73.3,2.5,44.9
1737112087.206898,73.8,2.5,44.9
1737112088.2069452,73.1,2.5,44.9
1737112089.2071378,71.0,2.5,44.9
1737112090.2094247,73.1,2.5,44.9
1737112091.2093081,74.4,2.5,44.9
1737112092.2093883,72.7,2.5,44.9
1737112093.209483,72.8,2.5,44.9
1737112094.209562,73.5,2.5,44.9
1737112095.2096386,73.2,2.5,44.9
1737112096.2097824,38.8,2.5,44.9
1737112097.2098844,23.2,2.5,44.9
1737112098.2099495,48.4,2.5,44.9
1737112099.2101483,74.3,2.5,44.9
1737112100.2102363,75.5,2.5,44.9
1737112101.2102683,73.5,2.5,44.9
1737112102.2104163,74.4,2.5,44.9
1737112103.2105,75.3,2.5,44.9
1737112104.2105305,74.2,2.5,44.9
1737112105.2106345,75.2,2.5,44.9
1737112106.210704,73.3,2.5,44.9
1737112107.2108524,75.2,2.5,44.9
1737112108.210884,75.3,2.5,44.9
1737112109.2109709,73.8,2.5,44.9
1737112110.2110558,73.8,2.5,44.9
1737112111.2111442,72.4,2.5,44.9
1737112112.2112439,74.3,2.5,44.9
1737112113.2113247,73.7,2.5,44.9
1737112114.211399,73.3,2.5,44.9
1737112115.2115338,73.6,2.5,44.9
1737112116.211603,73.6,2.5,44.9
1737112117.2116807,74.6,2.5,44.9
1737112118.2118597,74.1,2.5,44.9
1737112119.211908,74.8,2.5,44.9
1737112120.2120054,74.5,2.5,44.9
1737112121.212126,74.6,2.5,44.9
1737112122.2121906,73.8,2.5,44.9
1737112123.212239,74.7,2.5,44.9
1737112124.212292,74.6,2.5,44.9
1737112125.2123952,74.1,2.5,44.9
1737112126.2126088,75.3,2.5,44.9
1737112127.2125635,73.8,2.5,44.9
1737112128.212659,73.4,2.5,44.9
1737112129.2127476,74.5,2.5,44.9
1737112130.2128952,74.9,2.5,44.9
1737112131.2129443,74.2,2.5,44.9
1737112132.2130196,73.7,2.5,44.9
1737112133.2130961,74.8,2.5,44.9
1737112134.2131913,74.9,2.5,44.9
1737112135.213388,73.6,2.5,44.9
1737112136.213473,74.9,2.5,44.9
1737112137.2136052,74.3,2.5,44.9
1737112138.213655,74.6,2.5,44.9
1737112139.2137098,72.7,2.5,44.9
1737112140.2137897,71.6,2.5,44.9
1737112141.2139177,74.9,2.5,44.9
1737112142.2141173,72.2,2.5,44.9
1737112143.2140982,71.6,2.5,44.9
1737112144.2141871,73.7,2.5,44.9
1737112145.2142556,71.5,2.5,44.9
1737112146.214365,74.6,2.5,44.9
1737112147.2144468,70.1,2.5,44.9
1737112148.2145352,73.0,2.5,44.9
1737112149.2145958,73.9,2.5,44.9
1737112150.2147467,70.1,2.5,44.9
1737112151.2148814,71.4,2.5,44.9
1737112152.2148957,74.5,2.5,44.9
1737112153.215047,74.7,2.5,44.9
1737112154.21515,74.9,2.5,44.9
1737112155.215193,74.2,2.5,44.9
1737112156.2153192,74.1,2.5,44.9
1737112157.215397,73.5,2.5,44.9
1737112158.2154453,75.1,2.5,44.9
1737112159.2155457,74.1,2.5,44.9
1737112160.215638,74.9,2.5,44.9
1737112161.2157578,74.5,2.5,44.9
1737112162.215847,74.5,2.5,44.9
1737112163.2159116,75.1,2.5,44.9
1737112164.2160668,74.4,2.5,44.9
1737112165.21617,74.5,2.5,44.9
1737112166.216208,74.6,2.5,44.9
1737112167.216307,73.9,2.5,44.9
1737112168.2163763,74.3,2.5,44.9
1737112169.216462,72.7,2.5,44.9
1737112170.2165525,73.6,2.5,44.9
1737112171.2166364,73.4,2.5,44.9
1737112172.2167118,74.1,2.5,44.9
1737112173.2168155,74.8,2.5,44.9
1737112174.216891,74.6,2.5,44.9
1737112175.2170448,74.8,2.5,44.9
1737112176.2171123,74.0,2.5,44.9
1737112177.2171924,75.2,2.5,44.9
1737112178.2172778,73.8,2.5,44.9
1737112179.2173743,73.1,2.5,44.9
1737112180.217524,75.1,2.5,44.9
1737112181.2175646,73.9,2.5,44.9
1737112182.2176754,74.8,2.5,44.9
1737112183.217757,73.0,2.5,44.9
1737112184.217927,75.3,2.5,44.9
1737112185.2179542,73.6,2.5,44.9
1737112186.2180529,75.0,2.5,44.9
1737112187.2181609,75.3,2.5,44.9
1737112188.218247,74.0,2.5,44.9
1737112189.2185006,75.1,2.5,44.9
1737112190.2184289,73.1,2.5,44.9
1737112191.218475,74.2,2.5,44.9
1737112192.2186444,74.6,2.5,44.9
1737112193.2186897,74.8,2.5,44.9
1737112194.2187486,72.9,2.5,44.9
1737112195.2188723,74.4,2.5,44.9
1737112196.218957,73.9,2.5,44.9
1737112197.2190619,74.6,2.5,44.9
1737112198.2191296,74.9,2.5,44.9
1737112199.219279,72.1,2.5,44.9
1737112200.2192864,69.6,2.5,44.9
1737112201.219414,72.6,2.4,44.9
1737112202.2195272,63.9,2.5,44.9
1737112203.2196693,70.4,2.5,44.9
1737112204.2196949,73.1,2.5,44.9
1737112205.2197897,73.8,2.5,44.9
1737112206.2198644,74.7,2.5,44.9
1737112207.219966,74.1,2.5,44.9
1737112208.2201145,75.2,2.5,44.9
1737112209.2201087,73.4,2.5,44.9
1737112210.2203171,74.1,2.5,44.9
1737112211.2204053,73.4,2.5,44.9
1737112212.2204344,73.3,2.5,44.9
1737112213.2205198,64.9,2.5,44.9
1737112214.2206318,72.9,2.5,44.9
1737112215.220723,75.2,2.5,44.9
1737112216.2208028,74.0,2.5,44.9
1737112217.2209928,73.6,2.5,44.9
1737112218.2210052,74.8,2.5,44.9
1737112219.2211204,74.4,2.5,44.9
1737112220.221165,74.6,2.5,44.9
1737112221.2212956,74.3,2.5,44.9
1737112222.2213924,75.1,2.5,44.9
1737112223.2214768,75.2,2.5,44.9
1737112224.22174,74.6,2.5,44.9
1737112225.2216527,74.4,2.5,44.9
1737112226.2220457,74.8,2.5,44.9
1737112227.2221742,73.7,2.5,44.9
1737112228.2222373,74.8,2.5,44.9
1737112229.2224813,74.7,2.5,44.9
1737112230.2224553,69.3,2.5,44.9
1737112231.2226534,74.8,2.5,44.9
1737112232.222705,74.9,2.5,44.9
1737112233.222817,74.9,2.5,44.9
1737112234.2229724,74.7,2.5,44.9
1737112235.2233076,72.4,2.5,44.9
1737112236.2232769,73.8,2.5,44.9
1737112237.2237377,73.4,2.5,44.9
1737112238.2235732,74.3,2.5,44.9
1737112239.2237606,74.1,2.5,44.9
1737112240.2237365,74.1,2.5,44.9
1737112241.2241428,74.8,2.5,44.9
1737112242.2242417,73.3,2.5,44.9
1737112243.2243123,74.4,2.5,44.9
1737112244.224444,75.3,2.5,44.9
1737112245.2245736,74.8,2.5,44.9
1737112246.2246733,74.4,2.5,44.9
1737112247.2247517,73.6,2.5,44.9
1737112248.2249017,74.4,2.5,44.9
1737112249.224979,74.4,2.5,44.9
1737112250.2250857,74.2,2.5,44.9
1737112251.2252002,74.3,2.5,44.9
1737112252.2253506,74.5,2.5,44.9
1737112253.2255163,75.3,2.5,44.9
1737112254.2255561,72.9,2.5,44.9
1737112255.225706,74.6,2.5,44.9
1737112256.2258556,74.6,2.5,44.9
1737112257.2259579,75.1,2.5,44.9
1737112258.2262678,74.1,2.5,44.9
1737112259.2264082,67.8,2.5,44.9
1737112260.2263582,73.3,2.5,44.9
1737112261.2265172,73.5,2.5,44.9
1737112262.226618,74.9,2.5,44.9
1737112263.226686,73.6,2.5,44.9
1737112264.2268372,73.8,2.5,44.9
1737112265.22693,73.8,2.5,44.9
1737112266.227026,73.8,2.5,44.9
1737112267.2271373,74.8,2.5,44.9
1737112268.227424,73.9,2.5,44.9
1737112269.2279816,74.3,2.5,44.9
1737112270.2275913,74.8,2.5,44.9
1737112271.2277172,74.1,2.5,44.9
1737112272.2278378,75.2,2.5,44.9
1737112273.2279348,73.6,2.5,44.9
1737112274.228082,74.6,2.5,44.9
1737112275.228153,74.7,2.5,44.9
1737112276.2283313,74.1,2.5,44.9
1737112277.228412,74.3,2.5,44.9
1737112278.2285638,73.8,2.5,44.9
1737112279.228926,74.1,2.5,44.9
1737112280.2288482,74.4,2.5,44.9
1737112281.2290695,74.7,2.5,44.9
1737112282.229547,75.3,2.5,44.9
1737112283.229701,74.6,2.5,44.9
1737112284.2298613,74.8,2.5,44.9
1737112285.2299335,74.4,2.5,44.9
1737112286.23008,75.1,2.5,44.9
1737112287.2301319,74.3,2.5,44.9
1737112288.230436,74.5,2.5,44.9
1737112289.230419,74.8,2.5,44.9
1737112290.230549,74.6,2.5,44.9
1737112291.230642,74.5,2.5,44.9
1737112292.2307992,73.8,2.5,44.9
1737112293.230867,75.2,2.5,44.9
1737112294.2311535,74.6,2.5,44.9
1737112295.2312331,74.4,2.5,44.9
1737112296.2312958,74.9,2.5,44.9
1737112297.2314057,74.1,2.5,44.9
1737112298.2316484,74.8,2.5,44.9
1737112299.2317593,74.4,2.5,44.9
1737112300.2317204,73.6,2.5,44.9
1737112301.2321095,73.5,2.5,44.9
1737112302.2319467,73.9,2.5,44.9
1737112303.2320483,74.9,2.5,44.9
1737112304.2321513,74.0,2.5,44.9
1737112305.2322423,75.1,2.5,44.9
1737112306.2323222,74.5,2.5,44.9
1737112307.2325225,74.1,2.5,44.9
1737112308.2325296,70.4,2.5,44.9
1737112309.2326539,0.0,2.5,44.9
1737112310.232876,28.5,2.5,44.9
1737112311.233046,74.3,2.5,44.9
1737112312.233108,75.2,2.5,44.9
1737112313.2332063,73.6,2.5,44.9
1737112314.2335167,74.9,2.5,44.9
1737112315.2334023,73.4,2.5,44.9
1737112316.233474,75.2,2.5,44.9
1737112317.2335806,74.5,2.5,44.9
1737112318.2336798,73.8,2.5,44.9
1737112319.2337456,74.1,2.5,44.9
1737112320.2338524,73.5,2.5,44.9
1737112321.2339253,74.8,2.5,44.9
1737112322.2340105,74.8,2.5,44.9
1737112323.2342124,73.9,2.5,44.9
1737112324.2343636,74.6,2.5,44.9
1737112325.2344246,73.7,2.5,44.9
1737112326.2345638,74.9,2.5,44.9
1737112327.234678,74.0,2.5,44.9
1737112328.2348146,74.8,2.5,44.9
1737112329.2348492,73.2,2.5,44.9
1737112330.234945,74.8,2.5,44.9
1737112331.2350624,74.5,2.5,44.9
1737112332.235109,70.4,2.5,44.9
1737112333.2351987,74.6,2.5,44.9
1737112334.2353315,74.1,2.5,44.9
1737112335.2353444,74.6,2.5,44.9
1737112336.2355013,72.6,2.5,44.9
1737112337.235558,73.1,2.5,44.9
1737112338.2356725,74.6,2.5,44.9
1737112339.2358277,74.2,2.5,44.9
1737112340.236059,74.0,2.5,44.9
1737112341.2360632,73.6,2.5,44.9
1737112342.236196,74.6,2.5,44.9
1737112343.2362428,74.7,2.5,44.9
1737112344.2363398,73.6,2.5,44.9
1737112345.236441,74.8,2.5,44.9
1737112346.2366123,73.7,2.5,44.9
1737112347.2366548,74.6,2.5,44.9
1737112348.236757,74.3,2.5,44.9
1737112349.2368479,75.2,2.5,44.9
1737112350.2369804,74.6,2.5,44.9
1737112351.2370386,72.9,2.5,44.9
1737112352.2371497,74.5,2.5,44.9
1737112353.2372513,73.7,2.5,44.9
1737112354.2373416,75.1,2.5,44.9
1737112355.2374725,73.9,2.5,44.9
1737112356.2376854,74.6,2.5,44.9
1737112357.2377312,75.1,2.5,44.9
1737112358.2378075,74.4,2.5,44.9
1737112359.2378793,74.5,2.5,44.9
1737112360.2379463,73.4,2.5,44.9
1737112361.2380729,75.0,2.5,44.9
1737112362.23818,73.7,2.5,44.9
1737112363.2382739,74.8,2.5,44.9
1737112364.238366,74.3,2.5,44.9
1737112365.2384484,74.3,2.5,44.9
1737112366.2385104,75.1,2.5,44.9
1737112367.2386332,74.3,2.5,44.9
1737112368.2387516,75.3,2.5,44.9
1737112369.2387826,73.8,2.5,44.9
1737112370.2389207,74.9,2.5,44.9
1737112371.2391279,74.8,2.5,44.9
1737112372.2391467,73.3,2.5,44.9
1737112373.2392116,74.6,2.5,44.9
1737112374.239305,73.4,2.5,44.9
1737112375.239444,74.6,2.5,44.9
1737112376.2394977,73.9,2.5,44.9
1737112377.2397287,74.5,2.5,44.9
1737112378.2397537,75.1,2.5,44.9
1737112379.239859,75.0,2.5,44.9
1737112380.2399592,74.7,2.5,44.9
1737112381.2401738,72.6,2.5,44.9
1737112382.2401974,75.5,2.5,44.9
1737112383.240437,74.3,2.5,44.9
1737112384.2404728,74.6,2.5,44.9
1737112385.2405684,74.5,2.5,44.9
1737112386.240743,74.3,2.5,44.9
1737112387.2407744,75.3,2.5,44.9
1737112388.2408307,73.5,2.5,44.9
1737112389.240896,74.9,2.5,44.9
1737112390.241035,74.4,2.5,44.9
1737112391.2412362,73.1,2.5,44.9
1737112392.2412455,74.5,2.5,44.9
1737112393.2413402,73.4,2.5,44.9
1737112394.241422,74.9,2.5,44.9
1737112395.2415485,74.1,2.5,44.9
1737112396.2415528,74.7,2.5,44.9
1737112397.2417052,74.3,2.5,44.9
1737112398.2418046,75.0,2.5,44.9
1737112399.2418718,74.6,2.5,44.9
1737112400.2419384,73.4,2.5,44.9
1737112401.2420125,72.6,2.5,44.9
1737112402.2421699,73.6,2.5,44.9
1737112403.2422342,74.4,2.5,44.9
1737112404.2423606,74.3,2.5,44.9
1737112405.242479,73.6,2.5,44.9
1737112406.2425585,74.0,2.5,44.9
1737112407.2426698,74.1,2.5,44.9
1737112408.242753,74.8,2.5,44.9
1737112409.243064,74.8,2.5,44.9
1737112410.2430403,73.8,2.5,44.9
1737112411.243187,74.6,2.5,44.9
1737112412.2433054,74.1,2.5,44.9
1737112413.2434082,74.1,2.5,44.9
1737112414.2435303,74.2,2.5,44.9
1737112415.2435956,74.7,2.5,44.9
1737112416.243723,74.2,2.5,44.9
1737112417.2437837,74.1,2.5,44.9
1737112418.243883,74.6,2.5,44.9
1737112419.2440865,74.0,2.5,44.9
1737112420.2441251,74.9,2.5,44.9
1737112421.2442162,74.8,2.5,44.9
1737112422.24442,74.0,2.5,44.9
1737112423.2444532,75.2,2.5,44.9
1737112424.244541,74.2,2.5,44.9
1737112425.244619,73.0,2.5,44.9
1737112426.244728,73.8,2.5,44.9
1737112427.2449286,74.6,2.5,44.9
1737112428.2449396,74.8,2.5,44.9
1737112429.2450013,72.5,2.5,44.9
1737112430.2452075,74.1,2.5,44.9
1737112431.2452147,73.3,2.5,44.9
1737112432.2453034,74.6,2.5,44.9
1737112433.2453637,74.6,2.5,44.9
1737112434.2454295,74.1,2.5,44.9
1737112435.245579,74.6,2.5,44.9
1737112436.2456548,75.2,2.5,44.9
1737112437.245762,74.7,2.5,44.9
1737112438.2458165,75.0,2.5,44.9
1737112439.2459161,75.3,2.5,44.9
1737112440.2459877,74.8,2.5,44.9
1737112441.2461922,73.6,2.5,44.9
1737112442.2461972,74.9,2.5,44.9
1737112443.2462752,74.5,2.5,44.9
1737112444.2463615,75.3,2.5,44.9
1737112445.2465553,73.9,2.5,44.9
1737112446.24659,74.2,2.5,44.9
1737112447.2466898,74.9,2.5,44.9
1737112448.246832,75.0,2.5,44.9
1737112449.2468712,74.7,2.5,44.9
1737112450.2470858,74.4,2.5,44.9
1737112451.2471023,72.9,2.5,44.9
1737112452.247185,73.1,2.5,44.9
1737112453.2472627,74.3,2.5,44.9
1737112454.2474408,74.1,2.5,44.9
1737112455.247467,73.6,2.5,44.9
1737112456.2475896,75.2,2.5,44.9
1737112457.2476375,74.4,2.5,44.9
1737112458.2477145,74.1,2.5,44.9
1737112459.2479007,75.1,2.5,44.9
1737112460.2479463,73.6,2.5,44.9
1737112461.248006,74.6,2.5,44.9
1737112462.2480586,74.6,2.5,44.9
1737112463.248182,74.0,2.5,44.9
1737112464.2483048,74.8,2.5,44.9
1737112465.2483945,75.1,2.5,44.9
1737112466.2484953,74.8,2.5,44.9
1737112467.2485943,69.7,2.5,44.9
1737112468.2486613,74.7,2.5,44.9
1737112469.2487617,74.2,2.5,44.9
1737112470.2489235,75.1,2.5,44.9
1737112471.2489574,73.1,2.5,44.9
1737112472.24915,73.8,2.5,44.9
1737112473.2493253,74.7,2.5,44.9
1737112474.2493594,75.2,2.5,44.9
1737112475.2496574,75.2,2.5,44.9
1737112476.249585,74.3,2.5,44.9
1737112477.2497702,74.7,2.5,44.9
1737112478.2501533,74.3,2.5,44.9
1737112479.250384,73.3,2.5,44.9
1737112480.2505593,74.8,2.5,44.9
1737112481.2506819,74.6,2.5,44.9
1737112482.250852,70.9,2.5,44.9
1737112483.2508373,74.9,2.5,44.9
1737112484.251083,75.4,2.5,44.9
1737112485.2511148,74.6,2.5,44.9
1737112486.2511382,75.1,2.5,44.9
1737112487.251331,74.3,2.5,44.9
1737112488.2514515,70.3,2.5,44.9
1737112489.251584,75.2,2.5,44.9
1737112490.2517009,73.9,2.5,44.9
1737112491.2518432,74.9,2.5,44.9
1737112492.2518675,74.1,2.5,44.9
1737112493.252095,75.3,2.5,44.9
1737112494.252144,74.4,2.5,44.9
1737112495.252299,74.5,2.5,44.9
1737112496.252435,73.7,2.5,44.9
1737112497.252561,74.2,2.5,44.9
1737112498.2526257,74.9,2.5,44.9
1737112499.25292,74.9,2.5,44.9
1737112500.2538347,74.8,2.5,44.9
1737112501.2532218,74.3,2.5,44.9
1737112502.2532747,73.0,2.5,44.9
1737112503.2533624,74.6,2.5,44.9
1737112504.2535045,74.1,2.5,44.9
1737112505.2536156,75.0,2.5,44.9
1737112506.2536657,74.9,2.5,44.9
1737112507.253817,75.2,2.5,44.9
1737112508.2539008,74.5,2.5,44.9
1737112509.2540894,73.8,2.5,44.9
1737112510.2541726,74.8,2.5,44.9
1737112511.2543654,74.2,2.5,44.9
1737112512.2544186,75.3,2.5,44.9
1737112513.2545078,74.3,2.5,44.9
1737112514.2546082,75.2,2.5,44.9
1737112515.2548087,74.9,2.5,44.9
1737112516.2568247,73.8,2.5,44.9
1737112517.2569332,74.9,2.5,44.9
1737112518.25705,74.3,2.5,44.9
1737112519.2572384,75.1,2.5,44.9
1737112520.2574177,74.8,2.5,44.9
1737112521.257407,75.2,2.5,44.9
1737112522.257602,75.0,2.5,44.9
1737112523.2577093,74.4,2.5,44.9
1737112524.2578413,74.1,2.5,44.9
1737112525.2580118,73.6,2.5,44.9
1737112526.258043,74.5,2.5,44.9
1737112527.2588856,75.0,2.5,44.9
1737112528.259063,73.8,2.5,44.9
1737112529.2591445,74.0,2.5,44.9
1737112530.2591436,72.8,2.5,44.9
1737112531.2591536,74.9,2.5,44.9
1737112532.2592204,73.7,2.5,44.9
1737112533.2593145,74.2,2.5,44.9
1737112534.2593637,74.3,2.5,44.9
1737112535.2595582,73.8,2.5,44.9
1737112536.2595716,74.2,2.5,44.9
1737112537.259866,73.9,2.5,44.9
1737112538.2598262,74.9,2.5,44.9
1737112539.2598977,73.9,2.5,44.9
1737112540.2600446,74.0,2.5,44.9
1737112541.2601533,73.5,2.5,44.9
1737112542.2602491,72.7,2.5,44.9
1737112543.260337,75.6,2.5,44.9
1737112544.2604153,74.6,2.5,44.9
1737112545.2604988,75.6,2.5,44.9
1737112546.260588,73.7,2.5,44.9
1737112547.2607043,73.9,2.5,44.9
1737112548.2607996,74.4,2.5,44.9
1737112549.2610195,73.4,2.5,44.9
1737112550.2611532,75.4,2.5,44.9
1737112551.2612076,73.3,2.5,44.9
1737112552.2612574,73.6,2.5,44.9
1737112553.2613137,74.6,2.5,44.9
1737112554.2614331,72.5,2.5,44.9
1737112555.2615378,74.4,2.5,44.9
1737112556.2616172,74.2,2.5,44.9
1737112557.261726,73.3,2.5,44.9
1737112558.261826,74.1,2.5,44.9
1737112559.2618785,74.1,2.5,44.9
1737112560.2619414,73.8,2.5,44.9
1737112561.2620783,73.3,2.5,44.9
1737112562.2621484,72.0,2.5,44.9
1737112563.2622297,73.7,2.5,44.9
1737112564.262374,74.5,2.5,44.9
1737112565.2625341,74.1,2.5,44.9
1737112566.2625713,74.5,2.5,44.9
1737112567.2626548,74.7,2.5,44.9
1737112568.2627392,72.9,2.5,44.9
1737112569.2628477,73.9,2.5,44.9
1737112570.262952,73.2,2.5,44.9
1737112571.2630422,74.9,2.5,44.9
1737112572.2631912,74.8,2.5,44.9
1737112573.263254,73.7,2.5,44.9
1737112574.2634165,74.4,2.5,44.9
1737112575.2634368,73.6,2.5,44.9
1737112576.2635295,73.3,2.5,44.9
1737112577.263595,74.1,2.5,44.9
1737112578.263684,74.5,2.5,44.9
1737112579.263776,75.4,2.5,44.9
1737112580.2638605,73.1,2.5,44.9
1737112581.2639844,74.9,2.5,44.9
1737112582.264045,72.2,2.5,44.9
1737112583.264121,73.6,2.5,44.9
1737112584.2642198,74.5,2.5,44.9
1737112585.2643385,73.7,2.5,44.9
1737112586.2644079,74.0,2.5,44.9
1737112587.2645125,73.1,2.5,44.9
1737112588.2645175,73.7,2.5,44.9
1737112589.2646391,74.4,2.5,44.9
1737112590.2647314,73.8,2.5,44.9
1737112591.2648463,75.0,2.5,44.9
1737112592.2649364,74.8,2.5,44.9
1737112593.265019,74.6,2.5,44.9
1737112594.2650788,73.8,2.5,44.9
1737112595.265192,74.1,2.5,44.9
1737112596.26526,74.1,2.5,44.9
1737112597.2654262,73.9,2.5,44.9
1737112598.265607,70.2,2.5,44.9
1737112599.2656748,74.0,2.5,44.9
1737112600.2657423,75.0,2.5,44.9
1737112601.2657855,72.3,2.5,44.9
1737112602.2658644,75.1,2.5,44.9
1737112603.2659643,70.7,2.5,44.9
1737112604.266134,72.9,2.5,44.9
1737112605.2661483,74.6,2.5,44.9
1737112606.2662368,74.1,2.5,44.9
1737112607.2663605,84.1,2.5,44.9
1737112608.2664192,83.5,2.5,44.9
1737112609.2665098,82.3,2.5,44.9
1737112610.2666645,86.2,2.5,44.9
1737112611.2667007,84.9,2.5,44.9
1737112612.2668014,82.8,2.5,44.9
1737112613.2669497,85.8,2.5,44.9
1737112614.2669716,82.7,2.5,44.9
1737112615.2670543,83.0,2.5,44.9
1737112616.2671423,84.3,2.5,44.9
1737112617.2672546,83.2,2.5,44.9
1737112618.267325,81.6,2.5,44.9
1737112619.2674086,82.1,2.5,44.9
1737112620.2674847,83.3,2.5,44.9
1737112621.267603,82.7,2.5,44.9
1737112622.2676857,83.1,2.5,44.9
1737112623.267769,82.1,2.5,44.9
1737112624.2678304,84.9,2.5,44.9
1737112625.2679362,83.3,2.5,44.9
1737112626.2679908,82.4,2.5,44.9
1737112627.2680783,82.5,2.5,44.9
1737112628.268159,83.4,2.5,44.9
1737112629.2682443,82.0,2.5,44.9
1737112630.2683408,82.3,2.5,44.9
1737112631.2684417,83.3,2.5,44.9
1737112632.268512,81.0,2.5,44.9
1737112633.268596,82.1,2.5,44.9
1737112634.2686853,82.9,2.5,44.9
1737112635.2687685,84.2,2.5,44.9
1737112636.268851,82.6,2.5,44.9
1737112637.2691398,83.7,2.5,44.9
1737112638.269027,81.9,2.5,44.9
1737112639.2691278,82.7,2.5,44.9
1737112640.2692091,83.5,2.5,44.9
1737112641.2693048,84.3,2.5,44.9
1737112642.26939,82.5,2.5,44.9
1737112643.2694657,84.1,2.5,44.9
1737112644.2695644,85.8,2.6,44.9
1737112645.2696643,86.7,2.7,44.9
1737112646.2697947,86.9,2.7,44.9
1737112647.2698264,87.9,2.7,44.9
1737112648.2699249,87.5,2.7,44.9
1737112649.2699986,88.7,2.8,44.9
1737112650.2700875,86.0,2.8,44.9
1737112651.2701795,86.6,2.8,44.9
1737112652.2703362,86.7,2.8,44.9
1737112653.2703724,85.9,2.9,44.9
1737112654.2704542,86.2,2.9,44.9
1737112655.2705436,87.7,2.9,44.9
1737112656.27064,87.1,2.9,44.9
1737112657.2707257,85.9,3.0,44.9
1737112658.270815,85.7,3.0,44.9
1737112659.2708929,86.6,3.0,44.9
1737112660.2710092,85.8,3.0,44.9
1737112661.2710876,87.0,3.0,44.9
1737112662.2711794,88.6,3.0,44.9
1737112663.271262,87.3,3.0,44.9
1737112664.2713509,86.0,3.0,44.9
1737112665.2714558,88.4,3.0,44.9
1737112666.27154,86.3,3.0,44.9
1737112667.27166,88.4,3.0,44.9
1737112668.2717476,86.8,3.0,44.9
1737112669.2717874,86.1,3.0,44.9
1737112670.2718842,87.1,3.0,44.9
1737112671.271962,83.0,3.0,44.9
1737112672.272113,88.7,3.0,44.9
1737112673.2721398,87.3,3.0,44.9
1737112674.2722297,87.9,3.0,44.9
1737112675.2723181,88.9,3.0,44.9
1737112676.2724137,87.5,3.0,44.9
1737112677.272503,84.7,3.0,44.9
1737112678.272603,86.5,3.0,44.9
1737112679.272695,88.4,3.0,44.9
1737112680.2727535,88.0,3.0,44.9
1737112681.2728598,85.7,3.0,44.9
1737112682.2729409,86.7,3.0,44.9
1737112683.2730267,86.3,3.0,44.9
1737112684.2731395,88.8,3.0,44.9
1737112685.2732027,88.1,3.0,44.9
1737112686.2732913,88.4,3.0,44.9
1737112687.2733746,87.3,3.0,44.9
1737112688.2734625,88.4,3.0,44.9
1737112689.2735565,87.6,3.0,44.9
1737112690.2737334,88.0,3.0,44.9
1737112691.273726,87.1,3.0,44.9
1737112692.273823,87.1,3.0,44.9
1737112693.2739081,85.0,3.0,44.9
1737112694.2740006,85.0,3.0,44.9
1737112695.2740817,85.7,3.0,44.9
1737112696.2741983,76.4,3.0,44.9
1737112697.2741513,75.0,3.0,44.9
1737112698.2744129,87.1,3.0,44.9
1737112699.274435,90.8,3.0,44.9
1737112700.27449,88.6,3.0,44.9
1737112701.2745998,87.5,3.0,44.9
1737112702.2747622,88.2,3.0,44.9
1737112703.2747655,87.5,3.0,44.9
1737112704.2748716,87.1,3.0,44.9
1737112705.2750642,86.6,3.0,44.9
1737112706.275063,86.7,3.0,44.9
1737112707.275147,85.9,3.0,44.9
1737112708.2752438,84.4,3.0,44.9
1737112709.2753289,86.8,3.0,44.9
1737112710.2754247,86.5,3.0,44.9
1737112711.2755451,86.1,3.0,44.9
1737112712.2756248,84.7,3.0,44.9
1737112713.275724,84.2,3.0,44.9
1737112714.2758005,82.1,3.0,44.9
1737112715.2758965,82.6,3.0,44.9
1737112716.2759893,82.3,3.0,44.9
1737112717.276104,82.7,3.0,44.9
1737112718.27617,82.6,3.0,44.9
1737112719.2762613,82.5,3.0,44.9
1737112720.2763412,82.7,3.0,44.9
1737112721.276468,83.1,3.0,44.9
1737112722.2765284,81.9,3.0,44.9
1737112723.2767165,82.7,3.0,44.9
1737112724.276747,83.0,3.0,44.9
1737112725.2768433,82.7,3.0,44.9
1737112726.2769232,83.7,3.0,44.9
1737112727.2770696,83.7,3.0,44.9
1737112728.2771018,83.4,3.0,44.9
1737112729.2771895,82.7,3.0,44.9
1737112730.2772927,80.4,3.0,44.9
1737112731.2773817,83.0,3.0,44.9
1737112732.2774794,80.0,3.0,44.9
1737112733.2776802,77.7,3.0,44.9
1737112734.277647,81.4,3.0,44.9
1737112735.2777534,82.9,3.0,44.9
1737112736.277845,83.0,3.0,44.9
1737112737.2779286,85.3,3.0,44.9
1737112738.2780259,86.5,3.0,44.9
1737112739.2781036,88.1,3.0,44.9
1737112740.2781806,90.7,3.0,44.9
1737112741.2782764,91.0,3.0,44.9
1737112742.2783756,90.4,3.0,44.9
1737112743.2784452,91.0,3.0,44.9
1737112744.2785378,89.0,3.0,44.9
1737112745.278631,90.0,3.0,44.9
1737112746.2787185,90.4,3.0,44.9
1737112747.2788067,89.5,3.0,44.9
1737112748.2788868,88.9,3.0,44.9
1737112749.279003,90.6,3.0,44.9
1737112750.2790716,90.9,3.0,44.9
1737112751.27916,90.1,3.0,44.9
1737112752.279247,89.6,3.0,44.9
1737112753.279348,87.3,3.0,44.9
1737112754.2794335,88.8,3.0,44.9
1737112755.279509,88.8,3.0,44.9
1737112756.2796164,89.0,3.0,44.9
1737112757.2796903,89.3,3.0,44.9
1737112758.2797878,90.0,3.0,44.9
1737112759.279865,89.0,3.0,44.9
1737112760.279943,89.5,3.0,44.9
1737112761.2800357,87.3,3.0,44.9
1737112762.2801208,90.4,3.0,44.9
1737112763.280203,85.9,3.0,44.9
1737112764.2802913,84.3,3.0,44.9
1737112765.2803917,83.7,3.0,44.9
1737112766.2804577,84.8,3.0,44.9
1737112767.2805467,89.6,3.0,44.9
1737112768.280642,85.7,3.0,44.9
1737112769.280724,84.8,3.0,44.9
1737112770.2808082,85.7,3.0,44.9
1737112771.280907,86.5,3.0,44.9
1737112772.2809966,86.6,3.0,44.9
1737112773.281148,86.0,3.0,44.9
1737112774.2811906,87.2,3.0,44.9
1737112775.2812998,85.9,3.0,44.9
1737112776.2813642,88.8,3.0,44.9
1737112777.2814634,87.3,3.0,44.9
1737112778.2815466,86.3,3.0,44.9
1737112779.2816448,87.7,3.0,44.9
1737112780.2817457,88.1,3.0,44.9
1737112781.2818336,88.1,3.0,44.9
1737112782.2818835,84.6,3.0,44.9
1737112783.2819693,85.1,3.0,44.9
1737112784.2821789,88.8,3.0,44.9
1737112785.2822669,90.6,3.0,44.9
1737112786.2822804,87.9,3.0,44.9
1737112787.2823658,89.2,3.0,44.9
1737112788.2824464,85.0,3.0,44.9
1737112789.2825334,87.5,3.0,44.9
1737112790.2826352,85.1,3.0,44.9
1737112791.282714,84.7,3.0,44.9
1737112792.2828014,84.4,3.0,44.9
1737112793.2828736,87.3,3.0,44.9
1737112794.2829788,83.8,3.0,44.9
1737112795.2830625,86.6,3.0,44.9
1737112796.283148,87.0,3.0,44.9
1737112797.2832456,80.1,3.0,44.9
1737112798.2833266,80.8,3.0,44.9
1737112799.283488,64.0,3.0,44.9
1737112800.2834873,77.1,3.0,44.9
1737112801.2836518,76.7,3.0,44.9
1737112802.28378,79.4,3.0,44.9
1737112803.2838109,81.9,3.0,44.9
1737112804.2838974,80.8,3.0,44.9
1737112805.284002,81.6,3.0,44.9
1737112806.284073,81.0,3.0,44.9
1737112807.2841609,81.7,3.0,44.9
1737112808.2842526,82.2,3.0,44.9
1737112809.2843397,76.4,3.0,44.9
1737112810.2844324,79.5,3.0,44.9
1737112811.2845228,82.1,3.0,44.9
1737112812.2867255,82.7,3.0,44.9
1737112813.2868226,79.1,3.0,44.9
1737112814.286874,81.2,3.0,44.9
1737112815.2869725,86.3,3.0,44.9
1737112816.2870698,88.1,3.0,44.9
1737112817.287157,87.3,3.0,44.9
1737112818.2872484,83.2,3.0,44.9
1737112819.2873516,79.8,3.0,44.9
1737112820.2874143,81.2,3.0,44.9
1737112821.2875426,79.1,3.0,44.9
1737112822.2876208,80.4,3.0,44.9
1737112823.2877002,82.6,3.0,44.9
1737112824.2877996,81.5,3.0,44.9
1737112825.2878857,83.2,3.0,44.9
1737112826.2879653,83.4,3.0,44.9
1737112827.2903454,83.7,3.0,44.9
1737112828.2904496,84.6,3.0,44.9
1737112829.2905328,82.5,3.0,44.9
1737112830.2906234,86.0,3.0,44.9
1737112831.290721,85.6,3.0,44.9
1737112832.290825,87.3,3.0,44.9
1737112833.2909095,88.0,3.0,44.9
1737112834.2909987,85.4,3.0,44.9
1737112835.2910764,86.6,3.0,44.9
1737112836.2911894,87.2,3.0,44.9
1737112837.2912748,86.6,3.0,44.9
1737112838.2913651,86.4,3.0,44.9
1737112839.2914631,88.1,3.0,44.9
1737112840.2915416,88.7,3.0,44.9
1737112841.2916374,86.5,3.0,44.9
1737112842.2917335,86.5,3.0,44.9
1737112843.291832,85.7,3.0,44.9
1737112844.2918797,87.5,3.0,44.9
1737112845.291945,84.7,3.0,44.9
1737112846.292045,80.0,3.0,44.9
1737112847.2921317,83.9,3.0,44.9
1737112848.2922125,78.6,3.0,44.9
1737112849.2922971,80.9,3.0,44.9
1737112850.292389,81.6,3.0,44.9
1737112851.2924724,82.0,3.0,44.9
1737112852.2925673,85.0,3.0,44.9
1737112853.2926402,84.0,3.0,44.9
1737112854.2927346,82.4,3.0,44.9
1737112855.292825,86.1,3.0,44.9
1737112856.2929187,84.9,3.0,44.9
1737112857.2929993,88.6,3.0,44.9
1737112858.2930832,82.5,3.0,44.9
1737112859.2931564,82.0,3.0,44.9
1737112860.293257,80.7,3.0,44.9
1737112861.2933645,77.9,3.0,44.9
1737112862.2934437,66.6,3.0,44.9
1737112863.2935379,78.8,3.0,44.9
1737112864.2936115,79.0,3.0,44.9
1737112865.293706,68.3,3.0,44.9
1737112866.2938156,55.9,3.0,44.9
1737112867.2938983,72.5,3.0,44.9
1737112868.2939804,66.7,3.0,44.9
1737112869.2940693,71.7,3.0,44.9
1737112870.2941575,74.4,3.0,44.9
1737112871.294248,83.3,3.0,44.9
1737112872.2943974,84.5,3.0,44.9
1737112873.2944283,80.2,3.0,44.9
1737112874.294511,82.5,3.0,44.9
1737112875.294618,81.3,3.0,44.9
1737112876.2946959,85.7,3.0,44.9
1737112877.2947683,83.5,3.0,44.9
1737112878.294855,80.9,3.0,44.9
1737112879.294944,83.2,3.0,44.9
1737112880.2950225,84.8,3.0,44.9
1737112881.2951288,85.1,3.0,44.9
1737112882.2952049,85.0,3.0,44.9
1737112883.2952676,84.1,3.0,44.9
1737112884.2953522,82.4,3.0,44.9
1737112885.2954617,84.1,3.0,44.9
1737112886.2955582,85.6,3.0,44.9
1737112887.2956629,88.4,3.0,44.9
1737112888.2957268,88.2,3.0,44.9
1737112889.2958922,89.3,3.0,44.9
1737112890.2958841,86.3,3.0,44.9
1737112891.2959745,87.6,3.0,44.9
1737112892.296061,88.1,3.0,44.9
1737112893.29615,87.4,3.0,44.9
1737112894.2962196,87.8,3.0,44.9
1737112895.2963138,84.2,3.0,44.9
1737112896.2963853,86.7,3.0,44.9
1737112897.2964659,80.5,3.0,44.9
1737112898.296555,62.4,3.0,44.9
1737112899.2966216,75.4,3.0,44.9
1737112900.2967033,86.5,3.0,44.9
1737112901.2968266,86.2,3.0,44.9
1737112902.2968605,85.6,3.0,44.9
1737112903.296947,86.0,3.0,44.9
1737112904.2970285,89.6,3.0,44.9
1737112905.2971084,90.2,3.0,44.9
1737112906.2972093,84.0,3.0,44.9
1737112907.2972825,88.7,3.0,44.9
1737112908.297378,71.8,3.0,44.9
1737112909.2973356,0.0,3.0,44.9
1737112910.2975342,36.2,3.0,44.9
1737112911.297619,90.0,3.0,44.9
1737112912.2977083,92.1,3.0,44.9
1737112913.2977796,86.5,3.0,44.9
1737112914.29786,91.1,3.0,44.9
1737112915.2979386,90.1,3.0,44.9
1737112916.2980552,91.3,3.0,44.9
1737112917.2981312,91.7,3.0,44.9
1737112918.2982113,90.0,3.0,44.9
1737112919.2982972,90.8,3.0,44.9
1737112920.2983668,89.5,3.0,44.9
1737112921.2984617,90.0,3.0,44.9
1737112922.2985516,91.3,3.0,44.9
1737112923.29862,91.6,3.0,44.9
1737112924.2987049,92.0,3.0,44.9
1737112925.298791,88.2,3.0,44.9
1737112926.2988918,83.9,3.0,44.9
1737112927.2989552,89.0,3.0,44.9
1737112928.2990348,91.3,3.0,44.9
1737112929.29912,91.0,3.0,44.9
1737112930.2991993,89.0,3.0,44.9
1737112931.299309,88.9,3.0,44.9
1737112932.299366,90.4,3.0,44.9
1737112933.299451,90.2,3.0,44.9
1737112934.2995448,90.5,3.0,44.9
1737112935.2996197,88.6,3.0,44.9
1737112936.2997046,88.6,3.0,44.9
1737112937.2997875,89.2,3.0,44.9
1737112938.2998593,90.4,3.0,44.9
1737112939.2999346,91.3,3.0,44.9
1737112940.3000052,90.8,3.0,44.9
1737112941.3001077,89.5,3.0,44.9
1737112942.300177,89.3,3.0,44.9
1737112943.3002453,87.7,3.0,44.9
1737112944.3003302,87.5,3.0,44.9
1737112945.3004224,88.6,3.0,44.9
1737112946.3005164,87.3,3.0,44.9
1737112947.3005881,89.8,3.0,44.9
1737112948.3006768,88.8,3.0,44.9
1737112949.3007576,88.3,3.0,44.9
1737112950.3008518,89.0,3.0,44.9
1737112951.3009121,90.3,3.0,44.9
1737112952.30099,88.3,3.0,44.9
1737112953.3010705,90.2,3.0,44.9
1737112954.301134,89.3,3.0,44.9
1737112955.3012364,89.3,3.0,44.9
1737112956.301322,91.0,3.0,44.9
1737112957.301399,90.3,3.0,44.9
1737112958.3014925,90.5,3.0,44.9
1737112959.3015869,88.8,3.0,44.9
1737112960.3017075,89.2,3.0,44.9
1737112961.3017478,89.6,3.0,44.9
1737112962.3018215,90.5,3.0,44.9
1737112963.30191,89.9,3.0,44.9
1737112964.3019783,90.2,3.0,44.9
1737112965.3020835,89.9,3.0,44.9
1737112966.302179,89.6,3.0,44.9
1737112967.3022678,90.7,3.0,44.9
1737112968.302377,91.0,3.0,44.9
1737112969.3029165,89.6,3.0,44.9
1737112970.3029847,88.0,3.0,44.9
1737112971.3030672,88.4,3.0,44.9
1737112972.3031485,90.4,3.0,44.9
1737112973.303213,91.3,3.0,44.9
1737112974.303306,89.0,3.0,44.9
1737112975.3033946,88.3,3.0,44.9
1737112976.303487,88.5,3.0,44.9
1737112977.3035693,89.4,3.0,44.9
1737112978.3036509,89.9,3.0,44.9
1737112979.303748,86.8,3.0,44.9
1737112980.3038194,87.5,3.0,44.9
1737112981.3038645,88.8,3.0,44.9
1737112982.3039582,89.2,3.0,44.9
1737112983.3040397,89.3,3.0,44.9
1737112984.3041127,87.1,3.0,44.9
1737112985.3070004,85.7,3.0,44.9
1737112986.3070714,78.0,3.0,44.9
1737112987.307152,85.2,3.0,44.9
1737112988.307238,84.2,3.0,44.9
1737112989.307331,83.7,3.0,44.9
1737112990.3074663,87.1,3.0,44.9
1737112991.3075266,86.2,3.0,44.9
1737112992.3076239,87.6,3.0,44.9
1737112993.3076973,83.2,3.0,44.9
1737112994.3077972,88.0,3.0,44.9
1737112995.307876,88.4,3.0,44.9
1737112996.3079357,88.8,3.0,44.9
1737112997.308016,88.7,3.0,44.9
1737112998.3080952,88.2,3.0,44.9
1737112999.3081837,88.2,3.0,44.9
1737113000.30825,89.1,3.0,44.9
1737113001.3083348,89.4,3.0,44.9
1737113002.3084216,88.8,3.0,44.9
1737113003.308487,89.8,3.0,44.9
1737113004.3085885,86.4,3.0,44.9
1737113005.3086612,88.4,3.0,44.9
1737113006.3087454,83.5,3.0,44.9
1737113007.30884,85.9,3.0,44.9
1737113008.308911,88.0,3.0,44.9
1737113009.308993,87.9,3.0,44.9
1737113010.3090885,85.4,3.0,44.9
1737113011.3091617,87.0,3.0,44.9
1737113012.3092446,88.9,3.0,44.9
1737113013.3093216,90.5,3.0,44.9
1737113014.3094041,88.2,3.1,44.9
1737113015.309496,88.1,3.0,44.9
1737113016.3095715,89.7,3.0,44.9
1737113017.3096676,87.5,3.0,44.9
1737113018.3097367,87.7,3.0,44.9
1737113019.309811,88.5,3.0,44.9
1737113020.3099034,89.3,3.0,44.9
1737113021.31003,87.7,3.0,44.9
1737113022.3100886,88.7,3.0,44.9
1737113023.3101928,89.8,3.0,44.9
1737113024.3102505,88.0,3.0,44.9
1737113025.3103347,88.6,3.0,44.9
1737113026.3104293,89.7,3.0,44.9
1737113027.310588,88.5,3.0,44.9
1737113028.3106725,87.4,3.0,44.9
1737113029.3107748,87.0,3.0,44.9
1737113030.3109376,89.5,3.0,44.9
1737113031.3109488,86.2,3.0,44.9
1737113032.3110156,89.2,3.0,44.9
1737113033.3110948,86.1,3.0,44.9
1737113034.3111827,88.4,3.0,44.9
1737113035.3112688,86.5,3.0,44.9
1737113036.311356,88.7,3.0,44.9
1737113037.3114362,89.7,3.0,44.9
1737113038.311543,87.2,3.0,44.9
1737113039.3116338,87.7,3.0,44.9
1737113040.3116941,85.3,3.0,44.9
1737113041.3117924,79.1,3.0,44.9
1737113042.3118575,84.8,3.0,44.9
1737113043.311944,84.4,3.0,44.9
1737113044.3120244,88.6,3.0,44.9
1737113045.3121078,68.3,3.0,44.9
1737113046.312202,87.9,3.0,44.9
1737113047.3123486,86.1,3.0,44.9
1737113048.3123896,85.8,3.0,44.9
1737113049.312449,81.3,3.0,44.9
1737113050.3125212,88.7,3.0,44.9
1737113051.3126416,88.2,3.0,44.9
1737113052.3126972,85.8,3.0,44.9
1737113053.3127837,87.0,3.0,44.9
1737113054.3128622,87.7,3.0,44.9
1737113055.3129692,86.2,3.0,44.9
1737113056.3130171,86.2,3.0,44.9
1737113057.3131187,88.7,3.0,44.9
1737113058.3132014,85.8,3.0,44.9
1737113059.3132825,89.3,3.0,44.9
1737113060.3133483,88.7,3.0,44.9
1737113061.313444,88.2,3.0,44.9
1737113062.3135464,86.4,3.0,44.9
1737113063.3136423,88.3,3.0,44.9
1737113064.3137088,89.0,3.0,44.9
1737113065.3137815,85.0,3.0,44.9
1737113066.3138864,89.4,3.0,44.9
1737113067.3139582,87.2,3.0,44.9
1737113068.3140442,83.8,3.0,44.9
1737113069.3141472,84.2,3.0,44.9
1737113070.3142085,67.0,3.0,44.9
1737113071.314306,38.4,3.0,44.9
1737113072.3143754,80.5,3.0,44.9
1737113073.3144479,82.2,3.0,44.9
1737113074.3147125,85.1,3.0,44.9
1737113075.3147845,84.9,3.0,44.9
1737113076.3148766,82.7,3.0,44.9
1737113077.3149593,84.7,3.0,44.9
1737113078.3150327,84.1,3.0,44.9
1737113079.3151143,85.5,3.0,44.9
1737113080.315197,85.5,3.0,44.9
1737113081.3153033,85.1,3.0,44.9
1737113082.315439,84.4,3.0,44.9
1737113083.3154643,86.3,3.0,44.9
1737113084.3155384,84.2,3.0,44.9
1737113085.3156402,83.2,3.0,44.9
1737113086.3157291,85.2,3.0,44.9
1737113087.3157992,85.2,3.0,44.9
1737113088.3158634,86.6,3.0,44.9
1737113089.3159528,85.1,3.0,44.9
1737113090.316033,87.6,3.0,44.9
1737113091.316119,86.4,3.0,44.9
1737113092.316211,87.0,3.0,44.9
1737113093.3163068,88.9,3.0,44.9
1737113094.3163736,86.8,3.0,44.9
1737113095.3164556,89.4,3.0,44.9
1737113096.3165402,87.7,3.0,44.9
1737113097.3166199,85.3,3.0,44.9
1737113098.3166966,87.8,3.0,44.9
1737113099.3167877,81.5,3.0,44.9
1737113100.316871,83.6,3.0,44.9
1737113101.316954,89.9,3.0,44.9
1737113102.3170278,83.9,3.0,44.9
1737113103.3171132,85.3,3.0,44.9
1737113104.317193,82.8,3.0,44.9
1737113105.317269,81.2,3.0,44.9
1737113106.3174262,76.4,3.0,44.9
1737113107.3174336,85.0,3.0,44.9
1737113108.3175287,85.4,3.0,44.9
1737113109.3176148,86.0,3.0,44.9
1737113110.3176951,85.9,3.0,44.9
1737113111.3177776,86.8,3.0,44.9
1737113112.3178568,87.0,3.0,44.9
1737113113.3179502,86.4,3.0,44.9
1737113114.3180146,87.2,3.0,44.9
1737113115.318106,88.3,3.0,44.9
1737113116.3181825,86.7,3.0,44.9
1737113117.3182614,84.1,3.0,44.9
1737113118.3183432,87.3,3.0,44.9
1737113119.3184311,84.8,3.0,44.9
1737113120.3184936,87.9,3.0,44.9
1737113121.3186007,88.3,3.0,44.9
1737113122.3186805,86.1,3.0,44.9
1737113123.3187497,86.9,3.0,44.9
1737113124.318834,87.9,3.0,44.9
1737113125.3189409,87.2,3.0,44.9
1737113126.3189957,87.2,3.0,44.9
1737113127.3190854,87.5,3.0,44.9
1737113128.3191712,88.4,3.0,44.9
1737113129.3192601,90.1,3.0,44.9
1737113130.3193548,86.3,3.0,44.9
1737113131.319419,87.3,3.0,44.9
1737113132.3195245,88.5,3.0,44.9
1737113133.319687,88.5,3.0,44.9
1737113134.319687,89.1,3.0,44.9
1737113135.319766,83.2,3.0,44.9
1737113136.3198595,86.8,3.0,44.9
1737113137.3199325,87.5,3.0,44.9
1737113138.3200052,86.7,3.0,44.9
1737113139.3201017,84.3,3.0,44.9
1737113140.3201947,86.5,3.0,44.9
1737113141.3202965,88.2,3.0,44.9
1737113142.3203804,85.4,3.0,44.9
1737113143.3204572,86.3,3.0,44.9
1737113144.3205156,86.6,3.0,44.9
1737113145.320615,88.3,3.0,44.9
1737113146.320693,87.6,3.0,44.9
1737113147.3207884,86.0,3.0,44.9
1737113148.3208537,85.8,3.0,44.9
1737113149.3209498,87.6,3.0,44.9
1737113150.3210287,89.1,3.0,44.9
1737113151.3210993,89.6,3.0,44.9
1737113152.3211813,85.7,3.0,44.9
1737113153.3212626,86.8,3.0,44.9
1737113154.3213413,86.2,3.0,44.9
1737113155.3214357,86.3,3.0,44.9
1737113156.321512,85.8,3.0,44.9
1737113157.321651,88.6,3.0,44.9
1737113158.3216906,87.8,3.0,44.9
1737113159.3217664,83.1,3.0,44.9
1737113160.3218288,84.5,3.0,44.9
1737113161.3219242,83.9,3.0,44.9
1737113162.3220053,84.5,3.0,44.9
1737113163.3221006,74.8,3.0,44.9
1737113164.3221793,87.3,3.0,44.9
1737113165.3222616,81.0,3.0,44.9
1737113166.3223462,89.2,3.0,44.9
1737113167.3224244,87.9,3.0,44.9
1737113168.322501,85.1,3.0,44.9
1737113169.322593,87.0,3.0,44.9
1737113170.3226871,86.0,3.0,44.9
1737113171.322768,86.6,3.0,44.9
1737113172.3228588,84.0,3.0,44.9
1737113173.3229418,84.2,3.0,44.9
1737113174.323031,76.5,3.0,44.9
1737113175.3231049,86.6,3.0,44.9
1737113176.3231974,88.6,3.0,44.9
1737113177.3232665,86.6,3.0,44.9
1737113178.3233538,86.3,3.0,44.9
1737113179.3234482,89.2,3.0,44.9
1737113180.3234944,85.3,3.0,44.9
1737113181.323609,86.3,3.0,44.9
1737113182.32369,88.6,3.0,44.9
1737113183.3237853,86.8,3.0,44.9
1737113184.3238711,86.5,3.0,44.9
1737113185.3239565,86.6,3.0,44.9
1737113186.324031,89.4,3.0,44.9
1737113187.3241043,85.4,3.0,44.9
1737113188.324189,87.1,3.0,44.9
1737113189.3242643,87.1,3.0,44.9
1737113190.3243556,87.5,3.0,44.9
1737113191.3244302,88.9,3.0,44.9
1737113192.3245113,87.6,3.0,44.9
1737113193.324596,83.3,3.0,44.9
1737113194.3246555,88.2,3.0,44.9
1737113195.3247705,88.9,3.0,44.9
1737113196.3248312,86.8,3.0,44.9
1737113197.3249145,87.9,3.0,44.9
1737113198.325044,87.1,3.0,44.9
1737113199.325077,85.1,3.0,44.9
1737113200.3251612,84.8,3.0,44.9
1737113201.3252432,83.3,3.0,44.9
1737113202.3253565,80.3,3.0,44.9
1737113203.3254278,80.8,3.0,44.9
1737113204.3254938,85.6,3.0,44.9
1737113205.3255837,83.9,3.0,44.9
1737113206.32567,82.7,3.0,44.9
1737113207.325762,83.1,3.0,44.9
1737113208.3258414,83.9,3.0,44.9
1737113209.3259208,58.5,3.0,44.9
1737113210.3260088,21.1,3.0,44.9
1737113211.3262143,85.6,3.0,44.9
1737113212.3262923,88.9,3.0,44.9
1737113213.3263807,90.0,3.0,44.9
1737113214.3265066,91.1,3.0,44.9
1737113215.3264663,88.1,3.0,44.9
1737113216.3265603,88.4,3.0,44.9
1737113217.326631,86.8,3.0,44.9
1737113218.326716,86.5,3.0,44.9
1737113219.326798,85.4,3.0,44.9
1737113220.326868,86.1,3.0,44.9
1737113221.3269608,84.1,3.0,44.9
1737113222.3270454,87.0,3.0,44.9
1737113223.3271286,87.3,3.0,44.9
1737113224.3272278,88.4,3.0,44.9
1737113225.3273017,89.0,3.0,44.9
1737113226.327388,87.0,3.0,44.9
1737113227.327462,85.1,3.0,44.9
1737113228.3275542,86.9,3.0,44.9
1737113229.32765,86.3,3.0,44.9
1737113230.3277411,89.3,3.0,44.9
1737113231.3278058,88.1,3.0,44.9
1737113232.3278782,86.2,3.0,44.9
1737113233.327962,86.1,3.0,44.9
1737113234.32804,88.0,3.0,44.9
1737113235.3281193,87.6,3.0,44.9
1737113236.328208,86.8,3.0,44.9
1737113237.3282883,86.4,3.0,44.9
1737113238.328362,89.0,3.0,44.9
1737113239.328446,86.8,3.0,44.9
1737113240.328752,87.4,3.0,44.9
1737113241.3287673,89.3,3.0,44.9
1737113242.3287444,91.0,3.0,44.9
1737113243.3288124,84.8,3.0,44.9
1737113244.3289046,89.4,3.0,44.9
1737113245.3289862,86.7,3.0,44.9
1737113246.3290775,82.5,3.0,44.9
1737113247.3291457,85.0,3.0,44.9
1737113248.3292303,85.3,3.0,44.9
1737113249.3293157,87.0,3.0,44.9
1737113250.3294187,85.3,3.0,44.9
